SOORTSCODE;ABUNDANTIE;WAARNEMER1;WAARNEMER2;WAARNEMER3;Datum;MAAND;JAAR;SCHAAL;OPMERKING;X_PROJ;Y_PROJ;;;;;;;;;;;;;
gentnuli;d;verce;;;22/08/2016;8;2016;Foretrex201;;22792,98;198434,65;;;;;;;;;;;;;
gentnuli;d;verce;;;22/08/2016;8;2016;Foretrex201;;22784,02;198428,94;;;;;;;;;;;;;
gentnuli;e;verce;;;22/08/2016;8;2016;Foretrex201;;22754,79;198424,57;;;;;;;;;;;;;
gentnuli;b;gompw;eenad;;11/08/2016;8;2016;Foretrex201;;23790,54;199197,48;;;;;;;;;;;;;
gentnuli;e;gompw;eenad;;2/08/2016;8;2016;Foretrex201;;23481,68;199457,95;;;;;;;;;;;;;
gentnuli;c;gompw;eenad;;2/08/2016;8;2016;Foretrex201;;23472,27;199456,42;;;;;;;;;;;;;
gentnuli;c;gompw;eenad;;2/08/2016;8;2016;Foretrex201;;23467,20;199452,14;;;;;;;;;;;;;
gentnuli;d;gompw;eenad;;10/08/2016;8;2016;Foretrex201;;23809,57;199428,77;;;;;;;;;;;;;
gentnuli;c;gompw;eenad;;10/08/2016;8;2016;Foretrex201;;23787,86;199292,96;;;;;;;;;;;;;
gentnuli;b;gompw;eenad;;10/08/2016;8;2016;Foretrex201;;23782,04;199280,29;;;;;;;;;;;;;
gentnuli;c;gompw;eenad;;10/08/2016;8;2016;Foretrex201;;23797,60;199332,68;;;;;;;;;;;;;
gentnuli;c;gompw;eenad;;10/08/2016;8;2016;Foretrex201;;23802,99;199351,67;;;;;;;;;;;;;
gentnuli;c;gompw;eenad;;10/08/2016;8;2016;Foretrex201;;23816,24;199400,04;;;;;;;;;;;;;
gentnuli;d;gompw;eenad;;10/08/2016;8;2016;Foretrex201;;23821,16;199410,34;;;;;;;;;;;;;
gentnuli;e;gompw;eenad;;10/08/2016;8;2016;Foretrex201;;23833,22;199463,66;;;;;;;;;;;;;
gentnuli;c;gompw;eenad;;11/08/2016;8;2016;Foretrex201;;23835,11;199479,02;;;;;;;;;;;;;
gentnuli;c;gompw;eenad;;11/08/2016;8;2016;Foretrex201;;23807,76;199347,26;;;;;;;;;;;;;
gentnuli;a;gompw;eenad;;11/08/2016;8;2016;Foretrex201;;23801,66;199317,43;;;;;;;;;;;;;
gentnuli;c;gompw;eenad;;11/08/2016;8;2016;Foretrex201;;23758,00;199198,96;;;;;;;;;;;;;
gentnuli;c;gompw;eenad;;11/08/2016;8;2016;Foretrex201;;23765,81;199198,98;;;;;;;;;;;;;
gentnuli;e;gompw;eenad;;11/08/2016;8;2016;Foretrex201;;23783,22;199206,20;;;;;;;;;;;;;
gentnuli;b;gompw;eenad;;11/08/2016;8;2016;Foretrex201;;23788,41;199195,30;;;;;;;;;;;;;
gentnuli;d;gompw;eenad;;11/08/2016;8;2016;Foretrex201;;23832,27;199237,03;;;;;;;;;;;;;
gentnuli;d;gompw;eenad;;11/08/2016;8;2016;Foretrex201;;23831,85;199243,39;;;;;;;;;;;;;
gentnuli;a;gompw;eenad;;11/08/2016;8;2016;Foretrex201;;23842,02;199239,71;;;;;;;;;;;;;
gentnuli;c;gompw;eenad;;11/08/2016;8;2016;Foretrex201;;23800,13;199202,78;;;;;;;;;;;;;
gentnuli;b;gompw;eenad;;11/08/2016;8;2016;Foretrex201;;22818,86;199157,20;;;;;;;;;;;;;
gentnuli;a;gompw;eenad;;12/08/2016;8;2016;Foretrex201;;22814,04;199149,21;;;;;;;;;;;;;
gentnuli;c;gompw;eenad;;12/08/2016;8;2016;Foretrex201;;22819,36;199154,79;;;;;;;;;;;;;
gentnuli;c;gompw;eenad;;12/08/2016;8;2016;Foretrex201;;22818,22;199144,84;;;;;;;;;;;;;
gentnuli;c;gompw;eenad;;12/08/2016;8;2016;Foretrex201;;22806,20;199140,88;;;;;;;;;;;;;
gentnuli;c;gompw;eenad;;12/08/2016;8;2016;Foretrex201;;22675,37;199150,04;;;;;;;;;;;;;
gentnuli;b;gompw;eenad;;12/08/2016;8;2016;Foretrex201;;22678,53;199150,76;;;;;;;;;;;;;
gentnuli;c;gompw;eenad;;12/08/2016;8;2016;Foretrex201;;22683,68;199148,33;;;;;;;;;;;;;
gentnuli;d;gompw;eenad;;16/08/2016;8;2016;Foretrex201;;22450,89;199095,61;;;;;;;;;;;;;
gentnuli;b;gompw;eenad;;17/08/2016;8;2016;Foretrex201;;23022,66;199346,38;;;;;;;;;;;;;
gentnuli;c;gompw;eenad;;17/08/2016;8;2016;Foretrex201;;22921,81;199323,26;;;;;;;;;;;;;
gentnuli;e;gompw;eenad;;17/08/2016;8;2016;Foretrex201;;22928,58;199320,90;;;;;;;;;;;;;
gentnuli;c;gompw;eenad;;17/08/2016;8;2016;Foretrex201;;22991,70;199321,60;;;;;;;;;;;;;
gentnuli;d;gompw;eenad;;17/08/2016;8;2016;Foretrex201;;23005,95;199320,42;;;;;;;;;;;;;
gentnuli;c;gompw;eenad;;17/08/2016;8;2016;Foretrex201;;23009,22;199317,97;;;;;;;;;;;;;
gentnuli;b;gompw;eenad;;17/08/2016;8;2016;Foretrex201;;23016,48;199318,67;;;;;;;;;;;;;
gentnuli;c;gompw;eenad;;17/08/2016;8;2016;Foretrex201;;23019,71;199343,38;;;;;;;;;;;;;
gentnuli;c;gompw;eenad;;17/08/2016;8;2016;Foretrex201;;22978,62;199325,37;;;;;;;;;;;;;
gentnuli;a;gompw;eenad;;17/08/2016;8;2016;Foretrex201;;22991,13;199326,44;;;;;;;;;;;;;
gentnuli;b;gompw;eenad;;17/08/2016;8;2016;Foretrex201;;23008,66;199323,40;;;;;;;;;;;;;
gentnuli;c;gompw;eenad;;17/08/2016;8;2016;Foretrex201;;22985,84;199331,38;;;;;;;;;;;;;
gentnuli;d;gompw;eenad;;17/08/2016;8;2016;Foretrex201;;23056,93;199166,05;;;;;;;;;;;;;
gentnuli;d;gompw;eenad;;17/08/2016;8;2016;Foretrex201;;23008,09;199162,40;;;;;;;;;;;;;
gentnuli;e;gompw;eenad;;17/08/2016;8;2016;Foretrex201;;22974,46;199145,73;;;;;;;;;;;;;
gentnuli;b;gompw;eenad;;17/08/2016;8;2016;Foretrex201;;23010,85;199141,16;;;;;;;;;;;;;
gentnuli;b;gompw;eenad;;17/08/2016;8;2016;Foretrex201;;23083,68;199165,17;;;;;;;;;;;;;
gentnuli;c;gompw;eenad;;17/08/2016;8;2016;Foretrex201;;23021,78;199157,76;;;;;;;;;;;;;
gentnuli;c;gompw;eenad;;17/08/2016;8;2016;Foretrex201;;23014,53;199147,74;;;;;;;;;;;;;
gentnuli;b;gompw;eenad;;17/08/2016;8;2016;Foretrex201;;23052,66;199146,52;;;;;;;;;;;;;
gentnuli;d;gompw;eenad;;17/08/2016;8;2016;Foretrex201;;23032,39;199151,89;;;;;;;;;;;;;
gentnuli;a;gompw;eenad;;17/08/2016;8;2016;Foretrex201;;23015,74;199151,80;;;;;;;;;;;;;
gentnuli;e;gompw;eenad;;23/08/2016;8;2016;Foretrex201;;22735,86;198954,73;;;;;;;;;;;;;
gentnuli;e;gompw;eenad;;23/08/2016;8;2016;Foretrex201;;22731,72;198921,54;;;;;;;;;;;;;
gentnuli;b;gompw;eenad;;23/08/2016;8;2016;Foretrex201;;22739,02;198897,03;;;;;;;;;;;;;
gentnuli;c;gompw;eenad;;23/08/2016;8;2016;Foretrex201;;22743,58;198871,03;;;;;;;;;;;;;
gentnuli;b;gompw;eenad;;23/08/2016;8;2016;Foretrex201;;22676,67;198889,28;;;;;;;;;;;;;
gentnuli;c;gompw;eenad;;23/08/2016;8;2016;Foretrex201;;22662,15;198906,08;;;;;;;;;;;;;
gentnuli;c;gompw;eenad;;23/08/2016;8;2016;Foretrex201;;22657,34;198934,25;;;;;;;;;;;;;
gentnuli;e;gompw;eenad;;23/08/2016;8;2016;Foretrex201;;22660,78;198948,82;;;;;;;;;;;;;
gentnuli;e;gompw;eenad;;23/08/2016;8;2016;Foretrex201;;22676,27;198944,85;;;;;;;;;;;;;
gentnuli;e;gompw;eenad;;23/08/2016;8;2016;Foretrex201;;22734,57;198947,33;;;;;;;;;;;;;
gentnuli;c;gompw;eenad;;23/08/2016;8;2016;Foretrex201;;22743,59;198876,50;;;;;;;;;;;;;
gentnuli;d;gompw;eenad;;23/08/2016;8;2016;Foretrex201;;22735,39;198874,13;;;;;;;;;;;;;
gentnuli;c;gompw;eenad;;23/08/2016;8;2016;Foretrex201;;22725,41;198869,85;;;;;;;;;;;;;
gentnuli;e;gompw;eenad;;23/08/2016;8;2016;Foretrex201;;22718,99;198867,86;;;;;;;;;;;;;
gentnuli;d;gompw;eenad;;23/08/2016;8;2016;Foretrex201;;22663,43;198933,70;;;;;;;;;;;;;
gentnuli;b;gompw;eenad;;23/08/2016;8;2016;Foretrex201;;22661,72;198939,91;;;;;;;;;;;;;
gentnuli;c;gompw;eenad;;23/08/2016;8;2016;Foretrex201;;22664,35;198946,20;;;;;;;;;;;;;
gentnuli;e;gompw;eenad;;23/08/2016;8;2016;Foretrex201;;22671,60;198944,73;;;;;;;;;;;;;
gentnuli;c;gompw;eenad;;23/08/2016;8;2016;Foretrex201;;22727,08;198944,00;;;;;;;;;;;;;
gentnuli;e;gompw;eenad;;23/08/2016;8;2016;Foretrex201;;22722,34;198914,29;;;;;;;;;;;;;
gentnuli;e;gompw;eenad;;23/08/2016;8;2016;Foretrex201;;22723,88;198907,73;;;;;;;;;;;;;
gentnuli;c;gompw;eenad;;23/08/2016;8;2016;Foretrex201;;22733,48;198875,72;;;;;;;;;;;;;
gentnuli;c;gompw;eenad;;23/08/2016;8;2016;Foretrex201;;22716,40;198873,45;;;;;;;;;;;;;
gentnuli;c;gompw;eenad;;23/08/2016;8;2016;Foretrex201;;22693,36;198894,13;;;;;;;;;;;;;
gentnuli;e;gompw;eenad;;23/08/2016;8;2016;Foretrex201;;22710,07;198943,59;;;;;;;;;;;;;
gentnuli;e;gompw;eenad;;23/08/2016;8;2016;Foretrex201;;22715,84;198944,65;;;;;;;;;;;;;
gentnuli;e;gompw;eenad;;23/08/2016;8;2016;Foretrex201;;22720,42;198941,03;;;;;;;;;;;;;
gentnuli;c;gompw;eenad;;23/08/2016;8;2016;Foretrex201;;22714,93;198931,62;;;;;;;;;;;;;
gentnuli;c;gompw;eenad;;23/08/2016;8;2016;Foretrex201;;22715,51;198921,81;;;;;;;;;;;;;
gentnuli;e;gompw;eenad;;23/08/2016;8;2016;Foretrex201;;22715,56;198907,39;;;;;;;;;;;;;
gentnuli;b;gompw;eenad;;23/08/2016;8;2016;Foretrex201;;22674,58;198930,74;;;;;;;;;;;;;
gentnuli;c;gompw;eenad;;23/08/2016;8;2016;Foretrex201;;22709,82;198939,67;;;;;;;;;;;;;
gentnuli;c;gompw;eenad;;23/08/2016;8;2016;Foretrex201;;22712,65;198905,92;;;;;;;;;;;;;
gentnuli;d;gompw;eenad;;23/08/2016;8;2016;Foretrex201;;22690,66;198901,63;;;;;;;;;;;;;
gentnuli;b;gompw;eenad;;23/08/2016;8;2016;Foretrex201;;22707,11;198909,38;;;;;;;;;;;;;
gentnuli;c;gompw;eenad;;23/08/2016;8;2016;Foretrex201;;22703,41;198909,45;;;;;;;;;;;;;
gentnuli;c;gompw;eenad;;23/08/2016;8;2016;Foretrex201;;22734,05;199010,39;;;;;;;;;;;;;
gentnuli;c;gompw;eenad;;26/08/2016;8;2016;Foretrex201;;23087,93;199221,05;;;;;;;;;;;;;
gentnuli;c;gompw;eenad;;26/08/2016;8;2016;Foretrex201;;23120,75;199202,70;;;;;;;;;;;;;
gentnuli;c;gompw;eenad;;26/08/2016;8;2016;Foretrex201;;23126,18;199209,75;;;;;;;;;;;;;
gentnuli;b;gompw;eenad;;26/08/2016;8;2016;Foretrex201;;23132,32;199208,17;;;;;;;;;;;;;
gentnuli;d;gompw;eenad;;26/08/2016;8;2016;Foretrex201;;23144,46;199234,63;;;;;;;;;;;;;
gentnuli;c;gompw;eenad;;26/08/2016;8;2016;Foretrex201;;23139,04;199238,75;;;;;;;;;;;;;
gentnuli;d;gompw;eenad;;26/08/2016;8;2016;Foretrex201;;23140,30;199245,48;;;;;;;;;;;;;
gentnuli;e;gompw;eenad;;26/08/2016;8;2016;Foretrex201;;23147,29;199249,79;;;;;;;;;;;;;
gentnuli;c;gompw;eenad;;26/08/2016;8;2016;Foretrex201;;23126,06;199287,84;;;;;;;;;;;;;
gentnuli;e;gompw;eenad;;26/08/2016;8;2016;Foretrex201;;23119,79;199287,77;;;;;;;;;;;;;
gentnuli;e;gompw;eenad;;26/08/2016;8;2016;Foretrex201;;23115,78;199291,80;;;;;;;;;;;;;
gentnuli;e;gompw;eenad;;26/08/2016;8;2016;Foretrex201;;23109,62;199289,98;;;;;;;;;;;;;
gentnuli;d;gompw;eenad;;26/08/2016;8;2016;Foretrex201;;23101,15;199286,52;;;;;;;;;;;;;
gentnuli;d;gompw;eenad;;26/08/2016;8;2016;Foretrex201;;23096,29;199283,10;;;;;;;;;;;;;
gentnuli;c;gompw;eenad;;26/08/2016;8;2016;Foretrex201;;23090,37;199283,21;;;;;;;;;;;;;
gentnuli;c;gompw;eenad;;26/08/2016;8;2016;Foretrex201;;23076,61;199277,51;;;;;;;;;;;;;
gentnuli;c;gompw;eenad;;26/08/2016;8;2016;Foretrex201;;23069,53;199276,62;;;;;;;;;;;;;
gentnuli;e;gompw;eenad;;26/08/2016;8;2016;Foretrex201;;23065,29;199279,00;;;;;;;;;;;;;
gentnuli;d;gompw;eenad;;26/08/2016;8;2016;Foretrex201;;23028,59;199270,38;;;;;;;;;;;;;
gentnuli;e;gompw;eenad;;26/08/2016;8;2016;Foretrex201;;23122,97;199210,87;;;;;;;;;;;;;
gentnuli;c;gompw;eenad;;26/08/2016;8;2016;Foretrex201;;23129,56;199215,59;;;;;;;;;;;;;
gentnuli;d;gompw;eenad;;26/08/2016;8;2016;Foretrex201;;23138,26;199239,56;;;;;;;;;;;;;
gentnuli;e;gompw;eenad;;26/08/2016;8;2016;Foretrex201;;23119,29;199284,39;;;;;;;;;;;;;
gentnuli;e;gompw;eenad;;26/08/2016;8;2016;Foretrex201;;23098,76;199281,39;;;;;;;;;;;;;
gentnuli;e;gompw;eenad;;26/08/2016;8;2016;Foretrex201;;23090,86;199278,53;;;;;;;;;;;;;
gentnuli;e;gompw;eenad;;26/08/2016;8;2016;Foretrex201;;23084,88;199275,57;;;;;;;;;;;;;
gentnuli;e;gompw;eenad;;26/08/2016;8;2016;Foretrex201;;23080,91;199277,72;;;;;;;;;;;;;
gentnuli;e;gompw;eenad;;26/08/2016;8;2016;Foretrex201;;23073,56;199273,85;;;;;;;;;;;;;
gentnuli;c;gompw;eenad;;26/08/2016;8;2016;Foretrex201;;23086,17;199228,20;;;;;;;;;;;;;
gentnuli;c;gompw;eenad;;26/08/2016;8;2016;Foretrex201;;23126,37;199227,22;;;;;;;;;;;;;
gentnuli;d;gompw;eenad;;26/08/2016;8;2016;Foretrex201;;23122,84;199273,69;;;;;;;;;;;;;
gentnuli;e;gompw;eenad;;26/08/2016;8;2016;Foretrex201;;23121,86;199279,19;;;;;;;;;;;;;
gentnuli;d;gompw;eenad;;26/08/2016;8;2016;Foretrex201;;23114,87;199281,20;;;;;;;;;;;;;
gentnuli;e;gompw;eenad;;26/08/2016;8;2016;Foretrex201;;23104,20;199277,78;;;;;;;;;;;;;
gentnuli;c;gompw;eenad;;26/08/2016;8;2016;Foretrex201;;23097,84;199274,27;;;;;;;;;;;;;
gentnuli;e;gompw;eenad;;26/08/2016;8;2016;Foretrex201;;23084,42;199271,34;;;;;;;;;;;;;
gentnuli;c;gompw;eenad;;26/08/2016;8;2016;Foretrex201;;23072,56;199269,44;;;;;;;;;;;;;
gentnuli;c;gompw;eenad;;26/08/2016;8;2016;Foretrex201;;23090,74;199234,51;;;;;;;;;;;;;
gentnuli;e;gompw;eenad;;26/08/2016;8;2016;Foretrex201;;23115,56;199227,13;;;;;;;;;;;;;
gentnuli;b;gompw;eenad;;26/08/2016;8;2016;Foretrex201;;23123,81;199228,93;;;;;;;;;;;;;
gentnuli;e;gompw;eenad;;26/08/2016;8;2016;Foretrex201;;23123,96;199261,73;;;;;;;;;;;;;
gentnuli;c;gompw;eenad;;26/08/2016;8;2016;Foretrex201;;23101,06;199267,09;;;;;;;;;;;;;
gentnuli;e;gompw;eenad;;26/08/2016;8;2016;Foretrex201;;23094,72;199266,30;;;;;;;;;;;;;
gentnuli;e;gompw;eenad;;26/08/2016;8;2016;Foretrex201;;23074,35;199241,53;;;;;;;;;;;;;
gentnuli;c;gompw;eenad;;26/08/2016;8;2016;Foretrex201;;23118,51;199259,21;;;;;;;;;;;;;
gentnuli;e;gompw;eenad;;26/08/2016;8;2016;Foretrex201;;23104,55;199259,09;;;;;;;;;;;;;
gentnuli;e;gompw;eenad;;26/08/2016;8;2016;Foretrex201;;23079,97;199244,82;;;;;;;;;;;;;
gentnuli;d;gompw;eenad;;26/08/2016;8;2016;Foretrex201;;23088,47;199246,72;;;;;;;;;;;;;
gentnuli;d;gompw;eenad;;26/08/2016;8;2016;Foretrex201;;23092,25;199253,18;;;;;;;;;;;;;
gentnuli;e;gompw;eenad;;26/08/2016;8;2016;Foretrex201;;23080,73;199250,84;;;;;;;;;;;;;
gentnuli;c;gompw;eenad;;29/08/2016;8;2016;Foretrex201;;22626,24;198861,07;;;;;;;;;;;;;
gentnuli;e;gompw;eenad;;29/08/2016;8;2016;Foretrex201;;22607,61;198862,87;;;;;;;;;;;;;
gentnuli;e;gompw;eenad;;29/08/2016;8;2016;Foretrex201;;22610,69;198856,92;;;;;;;;;;;;;
gentnuli;d;gompw;eenad;;29/08/2016;8;2016;Foretrex201;;22580,94;198834,97;;;;;;;;;;;;;
gentnuli;e;gompw;eenad;;29/08/2016;8;2016;Foretrex201;;22568,09;198837,12;;;;;;;;;;;;;
gentnuli;b;gompw;eenad;;29/08/2016;8;2016;Foretrex201;;22566,90;198838,85;;;;;;;;;;;;;
gentnuli;c;gompw;eenad;;29/08/2016;8;2016;Foretrex201;;22580,88;198892,12;;;;;;;;;;;;;
gentnuli;c;gompw;eenad;;29/08/2016;8;2016;Foretrex201;;22606,79;198906,28;;;;;;;;;;;;;
gentnuli;a;gompw;eenad;;29/08/2016;8;2016;Foretrex201;;22625,44;198915,28;;;;;;;;;;;;;
gentnuli;d;gompw;eenad;;29/08/2016;8;2016;Foretrex201;;22637,59;198934,80;;;;;;;;;;;;;
gentnuli;c;gompw;eenad;;29/08/2016;8;2016;Foretrex201;;22643,60;198938,23;;;;;;;;;;;;;
gentnuli;c;gompw;eenad;;29/08/2016;8;2016;Foretrex201;;22663,13;198911,85;;;;;;;;;;;;;
gentnuli;a;gompw;eenad;;29/08/2016;8;2016;Foretrex201;;22630,15;198887,36;;;;;;;;;;;;;
gentnuli;c;gompw;eenad;;29/08/2016;8;2016;Foretrex201;;22635,08;198868,55;;;;;;;;;;;;;
gentnuli;c;gompw;eenad;;29/08/2016;8;2016;Foretrex201;;22633,94;198865,06;;;;;;;;;;;;;
gentnuli;d;gompw;eenad;;29/08/2016;8;2016;Foretrex201;;22628,93;198865,84;;;;;;;;;;;;;
gentnuli;e;gompw;eenad;;29/08/2016;8;2016;Foretrex201;;22607,67;198869,09;;;;;;;;;;;;;
gentnuli;e;gompw;eenad;;29/08/2016;8;2016;Foretrex201;;22600,43;198867,29;;;;;;;;;;;;;
gentnuli;e;gompw;eenad;;29/08/2016;8;2016;Foretrex201;;22654,27;198912,33;;;;;;;;;;;;;
gentnuli;e;gompw;eenad;;29/08/2016;8;2016;Foretrex201;;22628,98;198891,67;;;;;;;;;;;;;
gentnuli;e;gompw;eenad;;29/08/2016;8;2016;Foretrex201;;22621,11;198871,77;;;;;;;;;;;;;
gentnuli;d;gompw;eenad;;29/08/2016;8;2016;Foretrex201;;22614,11;198872,93;;;;;;;;;;;;;
gentnuli;d;gompw;eenad;;29/08/2016;8;2016;Foretrex201;;22605,47;198872,87;;;;;;;;;;;;;
gentnuli;e;gompw;eenad;;29/08/2016;8;2016;Foretrex201;;22606,15;198868,52;;;;;;;;;;;;;
gentnuli;c;gompw;eenad;;29/08/2016;8;2016;Foretrex201;;22575,41;198850,87;;;;;;;;;;;;;
gentnuli;a;gompw;eenad;;29/08/2016;8;2016;Foretrex201;;22564,09;198870,12;;;;;;;;;;;;;
gentnuli;c;gompw;eenad;;29/08/2016;8;2016;Foretrex201;;22636,93;198902,78;;;;;;;;;;;;;
gentnuli;c;gompw;eenad;;29/08/2016;8;2016;Foretrex201;;22618,69;198886,81;;;;;;;;;;;;;
gentnuli;d;gompw;eenad;;29/08/2016;8;2016;Foretrex201;;22612,96;198875,34;;;;;;;;;;;;;
gentnuli;e;gompw;eenad;;29/08/2016;8;2016;Foretrex201;;22607,74;198877,50;;;;;;;;;;;;;
gentnuli;e;gompw;eenad;;29/08/2016;8;2016;Foretrex201;;22599,54;198873,38;;;;;;;;;;;;;
gentnuli;b;gompw;eenad;;29/08/2016;8;2016;Foretrex201;;22627,67;198903,19;;;;;;;;;;;;;
gentnuli;c;gompw;eenad;;29/08/2016;8;2016;Foretrex201;;22617,88;198893,49;;;;;;;;;;;;;
gentnuli;d;gompw;eenad;;29/08/2016;8;2016;Foretrex201;;22604,33;198880,49;;;;;;;;;;;;;
gentnuli;b;gompw;eenad;;29/08/2016;8;2016;Foretrex201;;22610,18;198892,57;;;;;;;;;;;;;
gentnuli;c;gompw;eenad;;29/08/2016;8;2016;Foretrex201;;22549,05;198936,21;;;;;;;;;;;;;
gentnuli;d;gompw;eenad;;29/08/2016;8;2016;Foretrex201;;22543,24;199003,26;;;;;;;;;;;;;
gentnuli;c;gompw;eenad;;29/08/2016;8;2016;Foretrex201;;22544,65;198995,69;;;;;;;;;;;;;
gentnuli;d;gompw;eenad;;29/08/2016;8;2016;Foretrex201;;22592,70;198912,39;;;;;;;;;;;;;
gentnuli;e;gompw;eenad;;29/08/2016;8;2016;Foretrex201;;22553,85;198993,15;;;;;;;;;;;;;
gentnuli;e;gompw;eenad;;29/08/2016;8;2016;Foretrex201;;22549,39;199001,63;;;;;;;;;;;;;
gentnuli;e;gompw;eenad;;29/08/2016;8;2016;Foretrex201;;22577,78;198949,23;;;;;;;;;;;;;
gentnuli;e;gompw;eenad;;30/08/2016;8;2016;Foretrex201;;22563,75;199001,60;;;;;;;;;;;;;
gentnuli;e;gompw;eenad;;30/08/2016;8;2016;Foretrex201;;22565,19;198995,90;;;;;;;;;;;;;
gentnuli;d;gompw;eenad;;30/08/2016;8;2016;Foretrex201;;22567,85;198998,37;;;;;;;;;;;;;
gentnuli;c;gompw;eenad;;30/08/2016;8;2016;Foretrex201;;22577,07;198994,91;;;;;;;;;;;;;
gentnuli;d;gompw;eenad;;30/08/2016;8;2016;Foretrex201;;22589,52;198991,23;;;;;;;;;;;;;
gentnuli;c;gompw;eenad;;30/08/2016;8;2016;Foretrex201;;22592,17;198992,43;;;;;;;;;;;;;
gentnuli;b;gompw;eenad;;30/08/2016;8;2016;Foretrex201;;22608,46;198980,90;;;;;;;;;;;;;
gentnuli;c;gompw;eenad;;30/08/2016;8;2016;Foretrex201;;22613,91;198963,35;;;;;;;;;;;;;
gentnuli;c;gompw;eenad;;30/08/2016;8;2016;Foretrex201;;22639,01;198940,20;;;;;;;;;;;;;
gentnuli;d;gompw;eenad;;30/08/2016;8;2016;Foretrex201;;22637,03;198946,05;;;;;;;;;;;;;
gentnuli;c;gompw;eenad;;30/08/2016;8;2016;Foretrex201;;22645,27;198946,47;;;;;;;;;;;;;
gentnuli;c;gompw;eenad;;30/08/2016;8;2016;Foretrex201;;22642,99;198943,15;;;;;;;;;;;;;
gentnuli;c;gompw;eenad;;30/08/2016;8;2016;Foretrex201;;22623,11;199022,90;;;;;;;;;;;;;
gentnuli;c;gompw;eenad;;30/08/2016;8;2016;Foretrex201;;22662,17;198954,77;;;;;;;;;;;;;
gentnuli;c;gompw;eenad;;30/08/2016;8;2016;Foretrex201;klein frankrijk;22609,81;198836,09;;;;;;;;;;;;;
gentnuli;c;gompw;eenad;;30/08/2016;8;2016;Foretrex201;klein frankrijk;22603,56;198809,33;;;;;;;;;;;;;
gentnuli;c;gompw;eenad;;30/08/2016;8;2016;Foretrex201;klein frankrijk;22598,29;198771,58;;;;;;;;;;;;;
gentnuli;e;gompw;;;7/09/2016;9;2016;Foretrex201;;23232,66;199269,19;;;;;;;;;;;;;
gentnuli;c;gompw;eenad;;12/08/2016;8;2016;Foretrex201;;22551,60;199103,89;;;;;;;;;;;;;
gentnuli;c;gompw;eenad;;16/08/2016;8;2016;Foretrex201;;22625,92;199159,48;;;;;;;;;;;;;
gentnuli;b;gompw;eenad;;16/08/2016;8;2016;Foretrex201;;22622,74;199164,39;;;;;;;;;;;;;
gentnuli;c;gompw;eenad;;16/08/2016;8;2016;Foretrex201;;22554,76;199110,99;;;;;;;;;;;;;
gentnuli;b;gompw;eenad;;16/08/2016;8;2016;Foretrex201;;22561,93;199119,85;;;;;;;;;;;;;
gentnuli;e;gompw;eenad;;16/08/2016;8;2016;Foretrex201;;22499,12;199142,98;;;;;;;;;;;;;
gentnuli;c;gompw;eenad;;16/08/2016;8;2016;Foretrex201;;22492,43;199138,31;;;;;;;;;;;;;
gentnuli;e;gompw;eenad;;16/08/2016;8;2016;Foretrex201;;22490,73;199120,35;;;;;;;;;;;;;
gentnuli;c;gompw;eenad;;16/08/2016;8;2016;Foretrex201;;22560,92;199122,82;;;;;;;;;;;;;
gentnuli;b;gompw;eenad;;16/08/2016;8;2016;Foretrex201;;22585,89;199129,53;;;;;;;;;;;;;
gentnuli;d;gompw;eenad;;16/08/2016;8;2016;Foretrex201;;22501,60;199130,11;;;;;;;;;;;;;
gentnuli;d;gompw;eenad;;16/08/2016;8;2016;Foretrex201;;22576,68;199147,90;;;;;;;;;;;;;
gentnuli;d;gompw;eenad;;16/08/2016;8;2016;Foretrex201;;22545,47;199131,66;;;;;;;;;;;;;
gentnuli;c;gompw;eenad;;16/08/2016;8;2016;Foretrex201;;22549,77;199129,51;;;;;;;;;;;;;
gentnuli;e;gompw;eenad;;16/08/2016;8;2016;Foretrex201;;22577,64;199143,41;;;;;;;;;;;;;
gentnuli;d;verce;;;19/08/2016;8;2016;Foretrex201;;22752,26;198410,29;;;;;;;;;;;;;
gentnuli;c;gompw;eenad;;22/08/2016;8;2016;Foretrex201;;22890,62;199046,66;;;;;;;;;;;;;
gentnuli;c;gompw;eenad;;22/08/2016;8;2016;Foretrex201;;22811,53;199081,67;;;;;;;;;;;;;
gentnuli;c;gompw;eenad;;22/08/2016;8;2016;Foretrex201;;22782,52;199032,37;;;;;;;;;;;;;
gentnuli;d;gompw;eenad;;22/08/2016;8;2016;Foretrex201;;22769,59;198996,88;;;;;;;;;;;;;
gentnuli;c;gompw;eenad;;22/08/2016;8;2016;Foretrex201;;22775,97;198992,52;;;;;;;;;;;;;
gentnuli;b;gompw;eenad;;28/08/2016;8;2016;Foretrex201;;23146,59;198942,88;;;;;;;;;;;;;
gentnuli;c;gompw;eenad;;28/08/2016;8;2016;Foretrex201;;23145,88;198988,71;;;;;;;;;;;;;
gentnuli;c;gompw;eenad;;28/08/2016;8;2016;Foretrex201;;23134,95;198949,79;;;;;;;;;;;;;
gentnuli;a;gompw;eenad;;28/08/2016;8;2016;Foretrex201;;23146,66;198960,70;;;;;;;;;;;;;
gentnuli;c;gompw;eenad;;28/08/2016;8;2016;Foretrex201;;23104,87;198952,29;;;;;;;;;;;;;
gentnuli;b;gompw;eenad;;28/08/2016;8;2016;Foretrex201;;23133,47;198970,63;;;;;;;;;;;;;
gentnuli;c;gompw;eenad;;28/08/2016;8;2016;Foretrex201;;23122,06;198956,41;;;;;;;;;;;;;
gentnuli;c;gompw;eenad;;28/08/2016;8;2016;Foretrex201;;23126,11;198961,00;;;;;;;;;;;;;
gentnuli;b;gompw;eenad;;28/08/2016;8;2016;Foretrex201;;23128,07;198964,75;;;;;;;;;;;;;
gentnuli;c;gompw;eenad;;31/08/2016;8;2016;Foretrex201;;22738,09;198760,23;;;;;;;;;;;;;
gentnuli;c;gompw;eenad;;31/08/2016;8;2016;Foretrex201;;22700,10;198697,68;;;;;;;;;;;;;
gentnuli;b;gompw;eenad;;31/08/2016;8;2016;Foretrex201;;22758,98;198662,98;;;;;;;;;;;;;
gentnuli;e;gompw;eenad;;31/08/2016;8;2016;Foretrex201;;22821,60;198669,53;;;;;;;;;;;;;
gentnuli;c;verce;provs;;23/08/2016;8;2016;Foretrex201;;22456,89;198935,03;;;;;;;;;;;;;
gentnuli;c;verce;provs;;23/08/2016;8;2016;Foretrex201;;22487,86;198909,29;;;;;;;;;;;;;
gentnuli;a;verce;provs;;23/08/2016;8;2016;Foretrex201;;22463,37;198939,47;;;;;;;;;;;;;
gentnuli;d;verce;provs;;23/08/2016;8;2016;Foretrex201;;22480,19;198938,10;;;;;;;;;;;;;
gentnuli;d;verce;provs;;23/08/2016;8;2016;Foretrex201;;22483,07;198927,52;;;;;;;;;;;;;
gentnuli;b;verce;provs;;23/08/2016;8;2016;Foretrex201;;22495,25;198900,10;;;;;;;;;;;;;
gentnuli;b;verce;provs;;23/08/2016;8;2016;Foretrex201;;22505,31;198902,67;;;;;;;;;;;;;
gentnuli;a;verce;provs;;23/08/2016;8;2016;Foretrex201;;22489,63;198928,04;;;;;;;;;;;;;
gentnuli;c;verce;provs;;23/08/2016;8;2016;Foretrex201;;22488,77;198932,22;;;;;;;;;;;;;
gentnuli;c;verce;provs;;23/08/2016;8;2016;Foretrex201;;22482,96;198933,49;;;;;;;;;;;;;
gentnuli;b;verce;provs;;23/08/2016;8;2016;Foretrex201;;22477,77;198943,01;;;;;;;;;;;;;
gentnuli;b;verce;provs;;23/08/2016;8;2016;Foretrex201;;22477,33;198947,50;;;;;;;;;;;;;
gentnuli;b;verce;provs;;23/08/2016;8;2016;Foretrex201;;22474,52;198952,04;;;;;;;;;;;;;
gentnuli;c;verce;provs;;23/08/2016;8;2016;Foretrex201;;22500,78;198936,21;;;;;;;;;;;;;
gentnuli;a;verce;provs;;23/08/2016;8;2016;Foretrex201;;22501,37;198944,97;;;;;;;;;;;;;
gentnuli;c;verce;provs;;23/08/2016;8;2016;Foretrex201;;22517,68;198923,30;;;;;;;;;;;;;
gentnuli;b;verce;provs;;23/08/2016;8;2016;Foretrex201;;22522,48;198918,14;;;;;;;;;;;;;
gentnuli;c;verce;provs;;23/08/2016;8;2016;Foretrex201;;22509,77;198948,20;;;;;;;;;;;;;
gentnuli;d;verce;provs;;23/08/2016;8;2016;Foretrex201;;22505,97;198949,78;;;;;;;;;;;;;
gentnuli;c;verce;provs;;23/08/2016;8;2016;Foretrex201;;22505,17;198964,01;;;;;;;;;;;;;
gentnuli;b;verce;provs;;23/08/2016;8;2016;Foretrex201;;22509,02;198965,84;;;;;;;;;;;;;
gentnuli;d;verce;provs;;23/08/2016;8;2016;Foretrex201;;22515,55;198953,07;;;;;;;;;;;;;
gentnuli;d;verce;provs;;23/08/2016;8;2016;Foretrex201;;22520,89;198952,05;;;;;;;;;;;;;
gentnuli;d;verce;provs;;23/08/2016;8;2016;Foretrex201;;22517,39;198955,24;;;;;;;;;;;;;
gentnuli;c;verce;provs;;23/08/2016;8;2016;Foretrex201;;22510,05;198970,54;;;;;;;;;;;;;
gentnuli;b;verce;provs;;23/08/2016;8;2016;Foretrex201;;22510,55;198983,50;;;;;;;;;;;;;
gentnuli;c;verce;provs;;23/08/2016;8;2016;Foretrex201;;22514,01;198978,51;;;;;;;;;;;;;
gentnuli;b;verce;provs;;23/08/2016;8;2016;Foretrex201;;22513,87;198969,99;;;;;;;;;;;;;
gentnuli;e;verce;provs;;23/08/2016;8;2016;Foretrex201;;22521,87;198960,17;;;;;;;;;;;;;
gentnuli;c;verce;provs;;23/08/2016;8;2016;Foretrex201;;22524,36;198952,98;;;;;;;;;;;;;
gentnuli;a;verce;provs;;23/08/2016;8;2016;Foretrex201;;22562,67;198907,11;;;;;;;;;;;;;
gentnuli;b;verce;provs;;23/08/2016;8;2016;Foretrex201;;22546,10;198933,72;;;;;;;;;;;;;
gentnuli;b;verce;provs;;23/08/2016;8;2016;Foretrex201;;22543,15;198938,45;;;;;;;;;;;;;
gentnuli;b;verce;provs;;23/08/2016;8;2016;Foretrex201;;22534,27;198951,58;;;;;;;;;;;;;
gentnuli;d;verce;provs;;23/08/2016;8;2016;Foretrex201;;22526,86;198960,21;;;;;;;;;;;;;
gentnuli;d;verce;provs;;23/08/2016;8;2016;Foretrex201;;22525,93;198966,44;;;;;;;;;;;;;
gentnuli;c;verce;provs;;23/08/2016;8;2016;Foretrex201;;22520,85;198974,42;;;;;;;;;;;;;
gentnuli;c;verce;provs;;23/08/2016;8;2016;Foretrex201;;22513,73;198982,39;;;;;;;;;;;;;
gentnuli;c;verce;provs;;23/08/2016;8;2016;Foretrex201;;22513,35;198985,84;;;;;;;;;;;;;
gentnuli;b;verce;provs;;23/08/2016;8;2016;Foretrex201;;22509,62;198989,46;;;;;;;;;;;;;
gentnuli;b;verce;provs;;23/08/2016;8;2016;Foretrex201;;22550,93;198945,00;;;;;;;;;;;;;
gentnuli;c;gompw;provs;;25/08/2016;8;2016;Foretrex201;;22503,62;198802,01;;;;;;;;;;;;;
gentnuli;b;gompw;provs;;25/08/2016;8;2016;Foretrex201;;22480,16;198842,14;;;;;;;;;;;;;
gentnuli;c;gompw;provs;;25/08/2016;8;2016;Foretrex201;;22483,91;198830,34;;;;;;;;;;;;;
gentnuli;c;gompw;provs;;25/08/2016;8;2016;Foretrex201;;22485,06;198827,93;;;;;;;;;;;;;
gentnuli;c;gompw;provs;;25/08/2016;8;2016;Foretrex201;;22489,28;198819,36;;;;;;;;;;;;;
gentnuli;e;gompw;provs;;25/08/2016;8;2016;Foretrex201;;22491,30;198817,49;;;;;;;;;;;;;
gentnuli;d;gompw;provs;;25/08/2016;8;2016;Foretrex201;;22493,33;198801,68;;;;;;;;;;;;;
gentnuli;c;gompw;provs;;25/08/2016;8;2016;Foretrex201;;22485,08;198815,04;;;;;;;;;;;;;
gentnuli;c;gompw;provs;;25/08/2016;8;2016;Foretrex201;;22484,73;198818,07;;;;;;;;;;;;;
gentnuli;c;gompw;provs;;25/08/2016;8;2016;Foretrex201;;22480,88;198828,89;;;;;;;;;;;;;
gentnuli;c;gompw;provs;;25/08/2016;8;2016;Foretrex201;;22518,38;198804,96;;;;;;;;;;;;;
gentnuli;a;gompw;provs;;25/08/2016;8;2016;Foretrex201;;22544,09;198805,16;;;;;;;;;;;;;
gentnuli;c;gompw;provs;;25/08/2016;8;2016;Foretrex201;;22544,64;198813,75;;;;;;;;;;;;;
gentnuli;b;gompw;provs;;25/08/2016;8;2016;Foretrex201;;22540,47;198830,95;;;;;;;;;;;;;
gentnuli;b;gompw;provs;;25/08/2016;8;2016;Foretrex201;;22544,93;198835,62;;;;;;;;;;;;;
gentnuli;a;gompw;provs;;25/08/2016;8;2016;Foretrex201;;22519,14;198884,45;;;;;;;;;;;;;
gentnuli;b;gompw;provs;;25/08/2016;8;2016;Foretrex201;;22492,99;198888,14;;;;;;;;;;;;;
gentnuli;d;gompw;provs;;25/08/2016;8;2016;Foretrex201;;22523,86;198804,34;;;;;;;;;;;;;
gentnuli;d;gompw;provs;;25/08/2016;8;2016;Foretrex201;;22533,92;198806,25;;;;;;;;;;;;;
gentnuli;a;gompw;provs;;25/08/2016;8;2016;Foretrex201;;22535,05;198817,19;;;;;;;;;;;;;
gentnuli;a;gompw;provs;;25/08/2016;8;2016;Foretrex201;;22502,94;198889,19;;;;;;;;;;;;;
gentnuli;c;gompw;provs;;25/08/2016;8;2016;Foretrex201;;22518,88;198818,89;;;;;;;;;;;;;
gentnuli;a;gompw;provs;;25/08/2016;8;2016;Foretrex201;;22520,10;198836,19;;;;;;;;;;;;;
gentnuli;b;gompw;provs;;25/08/2016;8;2016;Foretrex201;;22523,05;198836,35;;;;;;;;;;;;;
gentnuli;b;gompw;eenad;;18/08/2016;8;2016;Foretrex201;;23175,48;199078,26;;;;;;;;;;;;;
gentnuli;b;gompw;eenad;;18/08/2016;8;2016;Foretrex201;;23175,72;199074,03;;;;;;;;;;;;;
gentnuli;c;gompw;eenad;;18/08/2016;8;2016;Foretrex201;;23179,43;199068,45;;;;;;;;;;;;;
gentnuli;c;gompw;eenad;;18/08/2016;8;2016;Foretrex201;;23183,68;199060,21;;;;;;;;;;;;;
gentnuli;c;gompw;eenad;;18/08/2016;8;2016;Foretrex201;;23188,42;199053,65;;;;;;;;;;;;;
gentnuli;c;gompw;eenad;;18/08/2016;8;2016;Foretrex201;;23193,04;199050,77;;;;;;;;;;;;;
gentnuli;c;gompw;eenad;;18/08/2016;8;2016;Foretrex201;;23204,30;199059,93;;;;;;;;;;;;;
gentnuli;d;gompw;eenad;;18/08/2016;8;2016;Foretrex201;;23211,24;199062,35;;;;;;;;;;;;;
gentnuli;d;gompw;eenad;;18/08/2016;8;2016;Foretrex201;;23218,36;199069,02;;;;;;;;;;;;;
gentnuli;c;gompw;eenad;;18/08/2016;8;2016;Foretrex201;;23222,78;199069,21;;;;;;;;;;;;;
gentnuli;b;gompw;eenad;;18/08/2016;8;2016;Foretrex201;;23232,08;199071,76;;;;;;;;;;;;;
gentnuli;a;gompw;eenad;;18/08/2016;8;2016;Foretrex201;;23238,96;199084,96;;;;;;;;;;;;;
gentnuli;c;gompw;eenad;;18/08/2016;8;2016;Foretrex201;;23243,65;199090,70;;;;;;;;;;;;;
gentnuli;b;gompw;eenad;;18/08/2016;8;2016;Foretrex201;;23222,49;199103,21;;;;;;;;;;;;;
gentnuli;e;gompw;eenad;;18/08/2016;8;2016;Foretrex201;;23213,64;199065,29;;;;;;;;;;;;;
gentnuli;c;gompw;eenad;;18/08/2016;8;2016;Foretrex201;;23237,28;199087,74;;;;;;;;;;;;;
gentnuli;e;gompw;eenad;;18/08/2016;8;2016;Foretrex201;;23239,97;199098,45;;;;;;;;;;;;;
gentnuli;d;gompw;eenad;;18/08/2016;8;2016;Foretrex201;;23239,74;199105,58;;;;;;;;;;;;;
gentnuli;b;gompw;eenad;;18/08/2016;8;2016;Foretrex201;;23237,58;199111,97;;;;;;;;;;;;;
gentnuli;a;gompw;eenad;;18/08/2016;8;2016;Foretrex201;;23232,31;199124,58;;;;;;;;;;;;;
gentnuli;d;gompw;eenad;;18/08/2016;8;2016;Foretrex201;;23233,78;199117,67;;;;;;;;;;;;;
gentnuli;c;gompw;eenad;;18/08/2016;8;2016;Foretrex201;;23216,41;199088,47;;;;;;;;;;;;;
gentnuli;e;gompw;eenad;;18/08/2016;8;2016;Foretrex201;;23191,72;199072,19;;;;;;;;;;;;;
gentnuli;e;gompw;eenad;;18/08/2016;8;2016;Foretrex201;;23196,16;199066,18;;;;;;;;;;;;;
gentnuli;c;gompw;eenad;;18/08/2016;8;2016;Foretrex201;;23235,09;199091,89;;;;;;;;;;;;;
gentnuli;d;gompw;eenad;;18/08/2016;8;2016;Foretrex201;;23233,94;199098,46;;;;;;;;;;;;;
gentnuli;d;gompw;eenad;;18/08/2016;8;2016;Foretrex201;;23235,54;199104,33;;;;;;;;;;;;;
gentnuli;c;gompw;eenad;;18/08/2016;8;2016;Foretrex201;;23220,57;199085,90;;;;;;;;;;;;;
gentnuli;d;gompw;eenad;;18/08/2016;8;2016;Foretrex201;;23207,60;199079,78;;;;;;;;;;;;;
gentnuli;c;gompw;eenad;;18/08/2016;8;2016;Foretrex201;;23198,35;199077,41;;;;;;;;;;;;;
gentnuli;c;gompw;eenad;;18/08/2016;8;2016;Foretrex201;;23202,59;199073,10;;;;;;;;;;;;;
gentnuli;c;gompw;eenad;;18/08/2016;8;2016;Foretrex201;;23209,53;199074,11;;;;;;;;;;;;;
gentnuli;c;gompw;eenad;;23/0802016;8;2016;Foretrex201;;22706,46;199039,49;;;;;;;;;;;;;
gentnuli;e;gompw;eenad;;23/0802016;8;2016;Foretrex201;;22708,63;199042,02;;;;;;;;;;;;;
gentnuli;c;gompw;eenad;;30/08/2016;8;2016;Foretrex201;;22564,08;198773,88;;;;;;;;;;;;;
gentnuli;c;gompw;eenad;;30/08/2016;8;2016;Foretrex201;;22591,25;198779,39;;;;;;;;;;;;;
gentnuli;e;gompw;eenad;;30/08/2016;8;2016;Foretrex201;;22594,16;198780,74;;;;;;;;;;;;;
gentnuli;c;gompw;eenad;;30/08/2016;8;2016;Foretrex201;;22554,38;198776,39;;;;;;;;;;;;;
gentnuli;c;gompw;eenad;;30/08/2016;8;2016;Foretrex201;;22545,32;198773,00;;;;;;;;;;;;;
gentnuli;d;gompw;eenad;;30/08/2016;8;2016;Foretrex201;;22600,19;198769,80;;;;;;;;;;;;;
gentnuli;e;gompw;eenad;;30/08/2016;8;2016;Foretrex201;;22593,20;198769,13;;;;;;;;;;;;;
gentnuli;c;gompw;eenad;;30/08/2016;8;2016;Foretrex201;;22584,56;198747,42;;;;;;;;;;;;;
gentnuli;c;gompw;eenad;;30/08/2016;8;2016;Foretrex201;;22606,41;198745,81;;;;;;;;;;;;;
gentnuli;b;gompw;eenad;;30/08/2016;8;2016;Foretrex201;;22615,50;198738,43;;;;;;;;;;;;;
gentnuli;c;gompw;eenad;;30/08/2016;8;2016;Foretrex201;;22619,54;198729,17;;;;;;;;;;;;;
gentnuli;c;gompw;eenad;;30/08/2016;8;2016;Foretrex201;;22627,55;198733,22;;;;;;;;;;;;;
gentnuli;c;gompw;eenad;;30/08/2016;8;2016;Foretrex201;;22670,19;198743,93;;;;;;;;;;;;;
gentnuli;b;gompw;eenad;;30/08/2016;8;2016;Foretrex201;;22686,53;198772,92;;;;;;;;;;;;;
gentnuli;c;gompw;eenad;;30/08/2016;8;2016;Foretrex201;;22648,74;198774,65;;;;;;;;;;;;;
gentnuli;c;gompw;eenad;;30/08/2016;8;2016;Foretrex201;;22627,81;198775,45;;;;;;;;;;;;;
gentnuli;d;gompw;eenad;;30/08/2016;8;2016;Foretrex201;;22591,00;198761,52;;;;;;;;;;;;;
gentnuli;c;gompw;eenad;;30/08/2016;8;2016;Foretrex201;;22615,46;198742,55;;;;;;;;;;;;;
gentnuli;c;gompw;eenad;;30/08/2016;8;2016;Foretrex201;;22662,26;198743,64;;;;;;;;;;;;;
gentnuli;c;gompw;eenad;;30/08/2016;8;2016;Foretrex201;;22649,18;198770,45;;;;;;;;;;;;;
gentnuli;b;gompw;eenad;;30/08/2016;8;2016;Foretrex201;;22648,01;198752,77;;;;;;;;;;;;;
gentnuli;c;gompw;eenad;;30/08/2016;8;2016;Foretrex201;;22820,24;198963,74;;;;;;;;;;;;;
gentnuli;c;gompw;eenad;;30/08/2016;8;2016;Foretrex201;;22820,95;198960,76;;;;;;;;;;;;;
gentnuli;c;gompw;eenad;;30/08/2016;8;2016;Foretrex201;;22653,48;198707,24;;;;;;;;;;;;;
gentnuli;c;gompw;eenad;;30/08/2016;8;2016;Foretrex201;;22729,08;198773,06;;;;;;;;;;;;;
gentnuli;c;gompw;eenad;;30/08/2016;8;2016;Foretrex201;;22662,73;198712,80;;;;;;;;;;;;;
gentnuli;c;gompw;eenad;;5/08/2016;8;2016;Foretrex201;;23095,04;199286,96;;;;;;;;;;;;;
gentnuli;b;gompw;eenad;;5/08/2016;8;2016;Foretrex201;;23075,03;199280,60;;;;;;;;;;;;;
gentnuli;c;gompw;eenad;;5/08/2016;8;2016;Foretrex201;;23067,78;199280,22;;;;;;;;;;;;;
gentnuli;c;gompw;eenad;;5/08/2016;8;2016;Foretrex201;;22989,27;199274,03;;;;;;;;;;;;;
gentnuli;d;gompw;eenad;;5/08/2016;8;2016;Foretrex201;;22978,82;199278,33;;;;;;;;;;;;;
gentnuli;b;gompw;eenad;;5/08/2016;8;2016;Foretrex201;;22955,01;199266,77;;;;;;;;;;;;;
gentnuli;c;gompw;eenad;;5/08/2016;8;2016;Foretrex201;;22965,69;199263,88;;;;;;;;;;;;;
gentnuli;d;gompw;eenad;;5/08/2016;8;2016;Foretrex201;;22970,80;199266,62;;;;;;;;;;;;;
gentnuli;c;gompw;eenad;;5/08/2016;8;2016;Foretrex201;;22976,53;199265,78;;;;;;;;;;;;;
gentnuli;c;gompw;eenad;;5/08/2016;8;2016;Foretrex201;;22981,92;199267,39;;;;;;;;;;;;;
gentnuli;c;gompw;eenad;;5/08/2016;8;2016;Foretrex201;;22981,49;199271,11;;;;;;;;;;;;;
gentnuli;c;gompw;eenad;;5/08/2016;8;2016;Foretrex201;;22975,49;199274,37;;;;;;;;;;;;;
gentnuli;d;gompw;eenad;;5/08/2016;8;2016;Foretrex201;;22973,36;199275,59;;;;;;;;;;;;;
gentnuli;c;gompw;eenad;;5/08/2016;8;2016;Foretrex201;;22954,43;199268,80;;;;;;;;;;;;;
gentnuli;c;gompw;eenad;;5/08/2016;8;2016;Foretrex201;;22961,77;199268,02;;;;;;;;;;;;;
gentnuli;d;gompw;eenad;;5/08/2016;8;2016;Foretrex201;;22957,48;199271,76;;;;;;;;;;;;;
gentnuli;c;gompw;eenad;;5/08/2016;8;2016;Foretrex201;;22961,09;199273,25;;;;;;;;;;;;;
gentnuli;b;gompw;eenad;;5/08/2016;8;2016;Foretrex201;;22966,68;199222,93;;;;;;;;;;;;;
gentnuli;c;gompw;eenad;;5/08/2016;8;2016;Foretrex201;;23010,84;199260,39;;;;;;;;;;;;;
gentnuli;c;gompw;eenad;;5/08/2016;8;2016;Foretrex201;;23002,81;199268,58;;;;;;;;;;;;;
gentnuli;e;gompw;eenad;;5/08/2016;8;2016;Foretrex201;;22995,05;199264,37;;;;;;;;;;;;;
gentnuli;a;gompw;eenad;;5/08/2016;8;2016;Foretrex201;;22989,37;199264,68;;;;;;;;;;;;;
gentnuli;c;gompw;eenad;;5/08/2016;8;2016;Foretrex201;;22985,14;199264,41;;;;;;;;;;;;;
gentnuli;c;gompw;eenad;;5/08/2016;8;2016;Foretrex201;;22981,87;199262,22;;;;;;;;;;;;;
gentnuli;a;gompw;eenad;;5/08/2016;8;2016;Foretrex201;;22971,43;199263,90;;;;;;;;;;;;;
gentnuli;c;gompw;eenad;;5/08/2016;8;2016;Foretrex201;;22962,49;199259,39;;;;;;;;;;;;;
gentnuli;d;gompw;eenad;;5/08/2016;8;2016;Foretrex201;;22955,11;199257,76;;;;;;;;;;;;;
gentnuli;b;gompw;eenad;;5/08/2016;8;2016;Foretrex201;;22962,76;199233,18;;;;;;;;;;;;;
gentnuli;c;gompw;eenad;;5/08/2016;8;2016;Foretrex201;;22993,78;199245,14;;;;;;;;;;;;;
gentnuli;b;gompw;eenad;;5/08/2016;8;2016;Foretrex201;;22998,00;199258,44;;;;;;;;;;;;;
gentnuli;d;gompw;eenad;;5/08/2016;8;2016;Foretrex201;;23003,22;199262,60;;;;;;;;;;;;;
gentnuli;c;gompw;eenad;;5/08/2016;8;2016;Foretrex201;;23009,00;199263,37;;;;;;;;;;;;;
gentnuli;a;gompw;eenad;;5/08/2016;8;2016;Foretrex201;;22982,76;199256,21;;;;;;;;;;;;;
gentnuli;b;gompw;eenad;;5/08/2016;8;2016;Foretrex201;;22977,15;199256,67;;;;;;;;;;;;;
gentnuli;c;gompw;eenad;;5/08/2016;8;2016;Foretrex201;;22976,76;199247,92;;;;;;;;;;;;;
gentnuli;c;gompw;eenad;;5/08/2016;8;2016;Foretrex201;;22976,47;199251,13;;;;;;;;;;;;;
gentnuli;a;gompw;eenad;;5/08/2016;8;2016;Foretrex201;;22977,57;199249,66;;;;;;;;;;;;;
gentnuli;f;gompw;eenad;;5/08/2016;8;2016;Foretrex201;;22859,73;199216,06;;;;;;;;;;;;;
gentnuli;e;gompw;eenad;;5/08/2016;8;2016;Foretrex201;;22853,59;199214,27;;;;;;;;;;;;;
gentnuli;d;gompw;eenad;;5/08/2016;8;2016;Foretrex201;;22831,71;199196,62;;;;;;;;;;;;;
gentnuli;b;gompw;eenad;;5/08/2016;8;2016;Foretrex201;;22875,93;199187,84;;;;;;;;;;;;;
gentnuli;d;gompw;eenad;;5/08/2016;8;2016;Foretrex201;;22887,32;199186,66;;;;;;;;;;;;;
gentnuli;c;eenad;neuct;;22/08/2016;8;2016;Foretrex201;;22899,84;199023,67;;;;;;;;;;;;;
gentnuli;c;eenad;neuct;;22/08/2016;8;2016;Foretrex201;;22896,92;199036,44;;;;;;;;;;;;;
gentnuli;c;eenad;neuct;;22/08/2016;8;2016;Foretrex201;;22942,69;199056,46;;;;;;;;;;;;;
gentnuli;c;eenad;neuct;;22/08/2016;8;2016;Foretrex201;;22948,75;199053,80;;;;;;;;;;;;;
gentnuli;e;eenad;neuct;;22/08/2016;8;2016;Foretrex201;;22959,92;199055,59;;;;;;;;;;;;;
gentnuli;d;eenad;neuct;;22/08/2016;8;2016;Foretrex201;;22966,80;199044,95;;;;;;;;;;;;;
gentnuli;c;eenad;neuct;;22/08/2016;8;2016;Foretrex201;;22970,89;199030,84;;;;;;;;;;;;;
gentnuli;b;eenad;neuct;;22/08/2016;8;2016;Foretrex201;;22978,30;199010,65;;;;;;;;;;;;;
gentnuli;c;eenad;neuct;;22/08/2016;8;2016;Foretrex201;;22981,75;199001,92;;;;;;;;;;;;;
gentnuli;c;eenad;neuct;;22/08/2016;8;2016;Foretrex201;;22987,57;198979,37;;;;;;;;;;;;;
gentnuli;c;eenad;neuct;;22/08/2016;8;2016;Foretrex201;;22984,19;198971,76;;;;;;;;;;;;;
gentnuli;d;eenad;neuct;;22/08/2016;8;2016;Foretrex201;;22977,86;198986,51;;;;;;;;;;;;;
gentnuli;c;eenad;neuct;;22/08/2016;8;2016;Foretrex201;;22973,62;198989,08;;;;;;;;;;;;;
gentnuli;d;eenad;neuct;;22/08/2016;8;2016;Foretrex201;;22967,29;198992,83;;;;;;;;;;;;;
gentnuli;c;eenad;neuct;;22/08/2016;8;2016;Foretrex201;;22950,37;198994,30;;;;;;;;;;;;;
gentnuli;b;eenad;neuct;;22/08/2016;8;2016;Foretrex201;;22904,66;198999,55;;;;;;;;;;;;;
gentnuli;b;eenad;neuct;;22/08/2016;8;2016;Foretrex201;;22902,99;199040,36;;;;;;;;;;;;;
gentnuli;d;eenad;neuct;;22/08/2016;8;2016;Foretrex201;;22943,20;199050,01;;;;;;;;;;;;;
gentnuli;b;eenad;neuct;;22/08/2016;8;2016;Foretrex201;;22951,26;199047,54;;;;;;;;;;;;;
gentnuli;c;eenad;neuct;;22/08/2016;8;2016;Foretrex201;;22965,85;199032,81;;;;;;;;;;;;;
gentnuli;d;eenad;neuct;;22/08/2016;8;2016;Foretrex201;;22966,95;199025,42;;;;;;;;;;;;;
gentnuli;d;eenad;neuct;;22/08/2016;8;2016;Foretrex201;;22970,71;199017,67;;;;;;;;;;;;;
gentnuli;b;eenad;neuct;;22/08/2016;8;2016;Foretrex201;;22975,90;199004,75;;;;;;;;;;;;;
gentnuli;c;eenad;neuct;;22/08/2016;8;2016;Foretrex201;;22940,75;199046,41;;;;;;;;;;;;;
gentnuli;b;eenad;neuct;;22/08/2016;8;2016;Foretrex201;;22951,21;199041,62;;;;;;;;;;;;;
gentnuli;d;eenad;neuct;;22/08/2016;8;2016;Foretrex201;;22956,47;199037,20;;;;;;;;;;;;;
gentnuli;c;eenad;neuct;;22/08/2016;8;2016;Foretrex201;;22961,18;199032,04;;;;;;;;;;;;;
gentnuli;e;eenad;neuct;;22/08/2016;8;2016;Foretrex201;;22964,23;199026,35;;;;;;;;;;;;;
gentnuli;c;eenad;neuct;;22/08/2016;8;2016;Foretrex201;;22967,07;199019,28;;;;;;;;;;;;;
gentnuli;c;eenad;neuct;;22/08/2016;8;2016;Foretrex201;;22948,13;199036,04;;;;;;;;;;;;;
gentnuli;b;eenad;neuct;;22/08/2016;8;2016;Foretrex201;;22956,98;199024,59;;;;;;;;;;;;;
gentnuli;c;eenad;neuct;;22/08/2016;8;2016;Foretrex201;;22955,29;199020,69;;;;;;;;;;;;;
gentnuli;e;eenad;neuct;;22/08/2016;8;2016;Foretrex201;;22766,76;199006,08;;;;;;;;;;;;;
hermimon;c;gompw;;;12/06/2016;6;2016;RTK R8;Simliduinen;34123,39;204606,04;;;;;;;;;;;;;
hermimon;c;gompw;;;24/06/2016;6;2016;Foretrex201;;33095,35;204225,63;;;;;;;;;;;;;
hermimon;b;gompw;;;24/06/2016;6;2016;Foretrex201;;33094,15;204229,78;;;;;;;;;;;;;
hermimon;c;gompw;;;24/06/2016;6;2016;Foretrex201;;33095,08;204241,78;;;;;;;;;;;;;
hermimon;c;gompw;;;24/06/2016;6;2016;Foretrex201;;33105,86;204218,87;;;;;;;;;;;;;
hermimon;c;gompw;;;24/06/2016;6;2016;Foretrex201;;33110,43;204211,01;;;;;;;;;;;;;
hermimon;b;gompw;;;24/06/2016;6;2016;Foretrex201;;33106,52;204198,36;;;;;;;;;;;;;
hermimon;c;gompw;;;24/06/2016;6;2016;Foretrex201;;33099,54;204194,05;;;;;;;;;;;;;
hermimon;c;gompw;;;24/06/2016;6;2016;Foretrex201;;33103,77;204181,47;;;;;;;;;;;;;
hermimon;b;gompw;;;24/06/2016;6;2016;Foretrex201;;33105,76;204178,73;;;;;;;;;;;;;
hermimon;b;gompw;;;24/06/2016;6;2016;Foretrex201;;33100,90;204172,43;;;;;;;;;;;;;
hermimon;b;gompw;;;24/06/2016;6;2016;Foretrex201;;33095,38;204171,30;;;;;;;;;;;;;
hermimon;d;gompw;;;24/06/2016;6;2016;Foretrex201;;33086,78;204154,92;;;;;;;;;;;;;
hermimon;c;gompw;;;24/06/2016;6;2016;Foretrex201;;33092,08;204153,17;;;;;;;;;;;;;
hermimon;c;gompw;;;24/06/2016;6;2016;Foretrex201;;33013,57;204225,14;;;;;;;;;;;;;
hermimon;c;gompw;;;24/06/2016;6;2016;Foretrex201;;33045,77;204249,70;;;;;;;;;;;;;
hermimon;c;gompw;;;24/06/2016;6;2016;Foretrex201;;33065,05;204244,91;;;;;;;;;;;;;
hermimon;a;gompw;;;27/06/2016;6;2016;Foretrex201;;22469,10;198819,90;;;;;;;;;;;;;
hermimon;c;gompw;;;27/06/2016;6;2016;Foretrex201;;22439,99;198931,25;;;;;;;;;;;;;
hermimon;c;gompw;;;27/06/2016;6;2016;Foretrex201;;22444,52;198929,22;;;;;;;;;;;;;
hermimon;b;gompw;;;27/06/2016;6;2016;Foretrex201;;22439,67;198936,82;;;;;;;;;;;;;
hermimon;d;gompw;;;27/06/2016;6;2016;Foretrex201;;22444,16;198929,99;;;;;;;;;;;;;
hermimon;c;gompw;;;30/06/2016;6;2016;Foretrex201;;22508,90;198796,00;;;;;;;;;;;;;
hermimon;c;gompw;;;30/06/2016;6;2016;Foretrex201;;22503,93;198791,60;;;;;;;;;;;;;
hermimon;c;gompw;;;30/06/2016;6;2016;Foretrex201;;22506,04;198790,70;;;;;;;;;;;;;
hermimon;c;gompw;;;30/06/2016;6;2016;Foretrex201;;22499,07;198790,64;;;;;;;;;;;;;
hermimon;c;gompw;;;30/06/2016;6;2016;Foretrex201;;22497,37;198793,53;;;;;;;;;;;;;
hermimon;b;gompw;;;30/06/2016;6;2016;Foretrex201;;22492,67;198801,13;;;;;;;;;;;;;
hermimon;c;gompw;;;30/06/2016;6;2016;Foretrex201;;22492,31;198810,04;;;;;;;;;;;;;
hermimon;e;gompw;;;30/06/2016;6;2016;Foretrex201;;22489,79;198812,57;;;;;;;;;;;;;
hermimon;e;gompw;;;30/06/2016;6;2016;Foretrex201;;22485,60;198814,05;;;;;;;;;;;;;
hermimon;c;gompw;;;30/06/2016;6;2016;Foretrex201;;22482,29;198822,19;;;;;;;;;;;;;
hermimon;b;gompw;;;30/06/2016;6;2016;Foretrex201;;22476,38;198824,12;;;;;;;;;;;;;
hermimon;c;gompw;;;30/06/2016;6;2016;Foretrex201;;22458,82;198867,13;;;;;;;;;;;;;
hermimon;c;gompw;;;30/06/2016;6;2016;Foretrex201;;22457,55;198873,67;;;;;;;;;;;;;
hermimon;c;gompw;;;30/06/2016;6;2016;Foretrex201;;22456,74;198873,10;;;;;;;;;;;;;
hermimon;c;gompw;;;30/06/2016;6;2016;Foretrex201;;22458,18;198887,64;;;;;;;;;;;;;
hermimon;c;gompw;;;30/06/2016;6;2016;Foretrex201;;22459,24;198884,16;;;;;;;;;;;;;
hermimon;c;gompw;;;30/06/2016;6;2016;Foretrex201;;22461,62;198876,44;;;;;;;;;;;;;
hermimon;b;gompw;;;30/06/2016;6;2016;Foretrex201;;22467,23;198871,02;;;;;;;;;;;;;
hermimon;c;gompw;;;30/06/2016;6;2016;Foretrex201;;22474,27;198862,48;;;;;;;;;;;;;
hermimon;c;gompw;;;30/06/2016;6;2016;Foretrex201;;22481,44;198830,59;;;;;;;;;;;;;
hermimon;c;gompw;;;30/06/2016;6;2016;Foretrex201;;22481,54;198827,95;;;;;;;;;;;;;
hermimon;c;gompw;;;30/06/2016;6;2016;Foretrex201;;22485,78;198825,55;;;;;;;;;;;;;
hermimon;c;gompw;;;30/06/2016;6;2016;Foretrex201;;22492,22;198820,81;;;;;;;;;;;;;
hermimon;e;gompw;;;30/06/2016;6;2016;Foretrex201;;22493,01;198813,48;;;;;;;;;;;;;
hermimon;c;gompw;;;30/06/2016;6;2016;Foretrex201;;22498,39;198805,40;;;;;;;;;;;;;
hermimon;b;gompw;;;30/06/2016;6;2016;Foretrex201;;22501,22;198800,27;;;;;;;;;;;;;
hermimon;b;gompw;;;30/06/2016;6;2016;Foretrex201;;22505,66;198800,64;;;;;;;;;;;;;
hermimon;c;gompw;;;30/06/2016;6;2016;Foretrex201;;22500,72;198807,20;;;;;;;;;;;;;
hermimon;c;gompw;;;30/06/2016;6;2016;Foretrex201;;22491,86;198816,58;;;;;;;;;;;;;
hermimon;c;gompw;;;30/06/2016;6;2016;Foretrex201;;22489,41;198821,04;;;;;;;;;;;;;
hermimon;d;gompw;;;30/06/2016;6;2016;Foretrex201;;22486,97;198825,05;;;;;;;;;;;;;
hermimon;d;gompw;;;30/06/2016;6;2016;Foretrex201;;22483,88;198832,25;;;;;;;;;;;;;
hermimon;e;gompw;;;30/06/2016;6;2016;Foretrex201;;22485,24;198837,10;;;;;;;;;;;;;
hermimon;a;gompw;;;30/06/2016;6;2016;Foretrex201;;22465,83;198874,05;;;;;;;;;;;;;
hermimon;c;gompw;;;30/06/2016;6;2016;Foretrex201;;22457,25;198890,27;;;;;;;;;;;;;
hermimon;c;gompw;;;30/06/2016;6;2016;Foretrex201;;22460,20;198891,67;;;;;;;;;;;;;
hermimon;a;gompw;;;30/06/2016;6;2016;Foretrex201;;22472,57;198881,11;;;;;;;;;;;;;
hermimon;d;gompw;;;30/06/2016;6;2016;Foretrex201;;22479,73;198869,15;;;;;;;;;;;;;
hermimon;e;gompw;;;30/06/2016;6;2016;Foretrex201;;22478,34;198868,93;;;;;;;;;;;;;
hermimon;e;gompw;;;30/06/2016;6;2016;Foretrex201;;22489,84;198834,02;;;;;;;;;;;;;
hermimon;d;gompw;;;30/06/2016;6;2016;Foretrex201;;22489,66;198831,12;;;;;;;;;;;;;
hermimon;c;gompw;;;30/06/2016;6;2016;Foretrex201;;22492,26;198827,99;;;;;;;;;;;;;
hermimon;a;gompw;;;30/06/2016;6;2016;Foretrex201;;22501,25;198817,85;;;;;;;;;;;;;
hermimon;c;gompw;;;30/06/2016;6;2016;Foretrex201;;22503,45;198813,10;;;;;;;;;;;;;
hermimon;c;gompw;;;30/06/2016;6;2016;Foretrex201;;22504,55;198809,64;;;;;;;;;;;;;
hermimon;b;gompw;;;30/06/2016;6;2016;Foretrex201;;22503,44;198807,61;;;;;;;;;;;;;
hermimon;c;gompw;;;30/06/2016;6;2016;Foretrex201;;22502,96;198807,03;;;;;;;;;;;;;
hermimon;a;gompw;;;30/06/2016;6;2016;Foretrex201;;22508,00;198802,66;;;;;;;;;;;;;
hermimon;d;gompw;;;30/06/2016;6;2016;Foretrex201;;22501,09;198815,36;;;;;;;;;;;;;
hermimon;b;gompw;;;30/06/2016;6;2016;Foretrex201;;22497,81;198821,72;;;;;;;;;;;;;
hermimon;b;gompw;;;30/06/2016;6;2016;Foretrex201;;22488,80;198836,41;;;;;;;;;;;;;
hermimon;c;gompw;;;30/06/2016;6;2016;Foretrex201;;22491,11;198843,97;;;;;;;;;;;;;
hermimon;c;gompw;;;30/06/2016;6;2016;Foretrex201;;22477,64;198868,94;;;;;;;;;;;;;
hermimon;d;gompw;;;30/06/2016;6;2016;Foretrex201;;22569,16;198841,60;;;;;;;;;;;;;
hermimon;c;gompw;;;30/06/2016;6;2016;Foretrex201;;22566,13;198847,66;;;;;;;;;;;;;
hermimon;c;gompw;;;30/06/2016;6;2016;Foretrex201;;22563,28;198849,64;;;;;;;;;;;;;
hermimon;c;gompw;;;30/06/2016;6;2016;Foretrex201;;22559,64;198853,22;;;;;;;;;;;;;
hermimon;c;gompw;;;30/06/2016;6;2016;Foretrex201;;22556,59;198859,04;;;;;;;;;;;;;
hermimon;c;gompw;;;30/06/2016;6;2016;Foretrex201;;22557,12;198861,93;;;;;;;;;;;;;
hermimon;b;gompw;;;30/06/2016;6;2016;Foretrex201;;22558,42;198863,64;;;;;;;;;;;;;
hermimon;c;gompw;;;30/06/2016;6;2016;Foretrex201;;22552,93;198873,93;;;;;;;;;;;;;
hermimon;c;gompw;;;30/06/2016;6;2016;Foretrex201;;22550,32;198876,13;;;;;;;;;;;;;
hermimon;c;gompw;;;30/06/2016;6;2016;Foretrex201;;22557,14;198874,69;;;;;;;;;;;;;
hermimon;c;gompw;;;30/06/2016;6;2016;Foretrex201;;22560,37;198870,11;;;;;;;;;;;;;
hermimon;a;gompw;;;30/06/2016;6;2016;Foretrex201;;22562,34;198865,51;;;;;;;;;;;;;
hermimon;c;gompw;;;30/06/2016;6;2016;Foretrex201;;22565,44;198856,18;;;;;;;;;;;;;
hermimon;d;gompw;;;30/06/2016;6;2016;Foretrex201;;22567,76;198854,38;;;;;;;;;;;;;
hermimon;c;gompw;;;30/06/2016;6;2016;Foretrex201;;22570,36;198849,34;;;;;;;;;;;;;
hermimon;c;gompw;;;30/06/2016;6;2016;Foretrex201;;22572,76;198840,99;;;;;;;;;;;;;
hermimon;e;gompw;;;30/06/2016;6;2016;Foretrex201;;22574,15;198847,82;;;;;;;;;;;;;
hermimon;b;gompw;;;30/06/2016;6;2016;Foretrex201;;22571,68;198857,68;;;;;;;;;;;;;
hermimon;c;gompw;;;30/06/2016;6;2016;Foretrex201;;22568,41;198861,32;;;;;;;;;;;;;
hermimon;d;gompw;;;30/06/2016;6;2016;Foretrex201;;22563,23;198870,21;;;;;;;;;;;;;
hermimon;c;gompw;;;30/06/2016;6;2016;Foretrex201;;22562,45;198873,63;;;;;;;;;;;;;
hermimon;b;gompw;;;30/06/2016;6;2016;Foretrex201;;22572,41;198870,58;;;;;;;;;;;;;
hermimon;b;gompw;;;30/06/2016;6;2016;Foretrex201;;22576,43;198852,06;;;;;;;;;;;;;
hermimon;a;gompw;;;30/06/2016;6;2016;Foretrex201;;22581,19;198851,21;;;;;;;;;;;;;
hermimon;c;gompw;;;30/06/2016;6;2016;Foretrex201;;22578,69;198856,24;;;;;;;;;;;;;
hermimon;c;gompw;;;30/06/2016;6;2016;Foretrex201;;22581,21;198858,77;;;;;;;;;;;;;
hermimon;a;gompw;;;30/06/2016;6;2016;Foretrex201;;22573,57;198869,07;;;;;;;;;;;;;
hermimon;c;gompw;;;30/06/2016;6;2016;Foretrex201;;22581,75;198872,27;;;;;;;;;;;;;
hermimon;c;gompw;;;30/06/2016;6;2016;Foretrex201;;22585,04;198866,31;;;;;;;;;;;;;
hermimon;a;gompw;;;30/06/2016;6;2016;Foretrex201;;22585,88;198859,08;;;;;;;;;;;;;
hermimon;a;gompw;;;30/06/2016;6;2016;Foretrex201;;22587,84;198862,04;;;;;;;;;;;;;
hermimon;c;gompw;;;30/06/2016;6;2016;Foretrex201;;22605,72;198877,76;;;;;;;;;;;;;
hermimon;c;gompw;;;30/06/2016;6;2016;Foretrex201;;22611,32;198879,54;;;;;;;;;;;;;
hermimon;a;gompw;;;30/06/2016;6;2016;Foretrex201;;22635,04;198907,63;;;;;;;;;;;;;
hermimon;b;gompw;;;30/06/2016;6;2016;Foretrex201;;22665,03;198912,70;;;;;;;;;;;;;
hermimon;c;gompw;;;30/06/2016;6;2016;Foretrex201;;22664,96;198918,22;;;;;;;;;;;;;
hermimon;c;gompw;;;30/06/2016;6;2016;Foretrex201;;22665,05;198904,52;;;;;;;;;;;;;
hermimon;a;gompw;;;30/06/2016;6;2016;Foretrex201;;22684,37;198894,60;;;;;;;;;;;;;
hermimon;c;gompw;;;30/06/2016;6;2016;Foretrex201;;22721,94;198871,23;;;;;;;;;;;;;
hermimon;c;gompw;;;30/06/2016;6;2016;Foretrex201;;22731,74;198874,24;;;;;;;;;;;;;
hermimon;c;gompw;;;30/06/2016;6;2016;Foretrex201;;22739,07;198872,42;;;;;;;;;;;;;
hermimon;c;gompw;;;30/06/2016;6;2016;Foretrex201;;22742,68;198874,08;;;;;;;;;;;;;
hermimon;c;gompw;;;30/06/2016;6;2016;Foretrex201;;22751,72;198873,46;;;;;;;;;;;;;
hermimon;a;gompw;;;30/06/2016;6;2016;Foretrex201;;22633,43;198866,41;;;;;;;;;;;;;
hermimon;c;gompw;;;30/06/2016;6;2016;Foretrex201;;22609,61;198836,51;;;;;;;;;;;;;
hermimon;c;gompw;;;30/06/2016;6;2016;Foretrex201;;22607,54;198833,80;;;;;;;;;;;;;
hermimon;b;gompw;;;30/06/2016;6;2016;Foretrex201;;22611,74;198832,55;;;;;;;;;;;;;
hermimon;b;gompw;;;30/06/2016;6;2016;Foretrex201;;22619,31;198827,89;;;;;;;;;;;;;
hermimon;c;gompw;;;30/06/2016;6;2016;Foretrex201;;22627,61;198823,82;;;;;;;;;;;;;
hermimon;c;gompw;;;30/06/2016;6;2016;Foretrex201;;22615,32;198816,48;;;;;;;;;;;;;
hermimon;d;gompw;;;30/06/2016;6;2016;Foretrex201;;22611,39;198814,52;;;;;;;;;;;;;
hermimon;e;gompw;;;30/06/2016;6;2016;Foretrex201;;22607,54;198809,45;;;;;;;;;;;;;
hermimon;e;gompw;;;30/06/2016;6;2016;Foretrex201;;22605,52;198805,96;;;;;;;;;;;;;
hermimon;d;gompw;;;30/06/2016;6;2016;Foretrex201;;22598,37;198805,41;;;;;;;;;;;;;
hermimon;e;gompw;;;30/06/2016;6;2016;Foretrex201;;22595,19;198809,59;;;;;;;;;;;;;
hermimon;e;gompw;;;30/06/2016;6;2016;Foretrex201;;22590,70;198808,69;;;;;;;;;;;;;
hermimon;a;gompw;;;4/07/2016;7;2016;Foretrex201;;22490,50;198908,26;;;;;;;;;;;;;
hermimon;c;gompw;;;4/07/2016;7;2016;Foretrex201;;22469,73;198931,12;;;;;;;;;;;;;
hermimon;a;gompw;;;4/07/2016;7;2016;Foretrex201;;22477,00;198944,13;;;;;;;;;;;;;
hermimon;c;gompw;;;4/07/2016;7;2016;Foretrex201;;22517,17;198960,24;;;;;;;;;;;;;
hermimon;b;gompw;;;4/07/2016;7;2016;Foretrex201;;22529,94;198933,67;;;;;;;;;;;;;
hermimon;a;gompw;;;4/07/2016;7;2016;Foretrex201;;22479,23;198924,39;;;;;;;;;;;;;
hermimon;b;gompw;;;4/07/2016;7;2016;Foretrex201;;22488,52;198932,80;;;;;;;;;;;;;
hermimon;a;gompw;;;4/07/2016;7;2016;Foretrex201;;22492,15;198936,90;;;;;;;;;;;;;
hermimon;c;gompw;;;4/07/2016;7;2016;Foretrex201;;22546,12;198945,79;;;;;;;;;;;;;
hermimon;b;gompw;;;4/07/2016;7;2016;Foretrex201;;22555,22;198944,74;;;;;;;;;;;;;
hermimon;b;gompw;;;4/07/2016;7;2016;Foretrex201;;22550,86;198952,36;;;;;;;;;;;;;
hermimon;a;gompw;;;4/07/2016;7;2016;Foretrex201;;22586,92;198946,51;;;;;;;;;;;;;
hermimon;c;gompw;;;4/07/2016;7;2016;Foretrex201;;22571,34;198942,48;;;;;;;;;;;;;
hermimon;b;gompw;;;4/07/2016;7;2016;Foretrex201;;22607,43;198986,94;;;;;;;;;;;;;
hermimon;a;gompw;;;4/07/2016;7;2016;Foretrex201;;22617,22;199025,67;;;;;;;;;;;;;
hermimon;b;gompw;;;4/07/2016;7;2016;Foretrex201;;22620,72;199028,17;;;;;;;;;;;;;
hermimon;b;gompw;;;4/07/2016;7;2016;Foretrex201;;22649,74;199002,72;;;;;;;;;;;;;
hermimon;b;gompw;;;4/07/2016;7;2016;Foretrex201;;22624,17;199010,32;;;;;;;;;;;;;
hermimon;c;gompw;;;4/07/2016;7;2016;Foretrex201;;22638,72;199011,99;;;;;;;;;;;;;
hermimon;c;gompw;;;4/07/2016;7;2016;Foretrex201;;22654,76;198982,43;;;;;;;;;;;;;
hermimon;c;gompw;;;4/07/2016;7;2016;Foretrex201;;22658,06;198975,18;;;;;;;;;;;;;
hermimon;a;gompw;;;4/07/2016;7;2016;Foretrex201;;22659,84;198971,01;;;;;;;;;;;;;
hermimon;c;gompw;;;4/07/2016;7;2016;Foretrex201;;22665,94;198969,85;;;;;;;;;;;;;
hermimon;b;gompw;;;4/07/2016;7;2016;Foretrex201;;22657,52;198958,07;;;;;;;;;;;;;
hermimon;b;gompw;;;4/07/2016;7;2016;Foretrex201;;22667,66;198935,29;;;;;;;;;;;;;
hermimon;c;gompw;;;4/07/2016;7;2016;Foretrex201;;22653,66;198929,06;;;;;;;;;;;;;
hermimon;b;gompw;;;4/07/2016;7;2016;Foretrex201;;22632,99;198986,02;;;;;;;;;;;;;
hermimon;c;gompw;;;4/07/2016;7;2016;Foretrex201;;22646,16;198986,82;;;;;;;;;;;;;
hermimon;b;gompw;;;4/07/2016;7;2016;Foretrex201;;22659,98;198947,82;;;;;;;;;;;;;
hermimon;b;gompw;;;4/07/2016;7;2016;Foretrex201;;22671,52;198939,99;;;;;;;;;;;;;
hermimon;c;gompw;;;4/07/2016;7;2016;Foretrex201;;22651,39;198945,40;;;;;;;;;;;;;
hermimon;b;gompw;;;4/07/2016;7;2016;Foretrex201;;22648,16;198961,58;;;;;;;;;;;;;
hermimon;b;gompw;;;4/07/2016;7;2016;Foretrex201;;22655,04;198947,56;;;;;;;;;;;;;
hermimon;b;gompw;;;4/07/2016;7;2016;Foretrex201;;22657,43;198944,41;;;;;;;;;;;;;
hermimon;a;gompw;;;4/07/2016;7;2016;Foretrex201;;22664,41;198941,66;;;;;;;;;;;;;
hermimon;c;gompw;;;5/07/2016;7;2016;Foretrex201;;22526,86;198882,57;;;;;;;;;;;;;
hermimon;c;gompw;;;5/07/2016;7;2016;Foretrex201;;22525,08;198871,11;;;;;;;;;;;;;
hermimon;d;gompw;;;5/07/2016;7;2016;Foretrex201;;22524,33;198872,77;;;;;;;;;;;;;
hermimon;d;gompw;;;5/07/2016;7;2016;Foretrex201;;22525,08;198870,15;;;;;;;;;;;;;
hermimon;e;gompw;;;5/07/2016;7;2016;Foretrex201;;22525,83;198868,74;;;;;;;;;;;;;
hermimon;d;gompw;;;5/07/2016;7;2016;Foretrex201;;22525,68;198866,60;;;;;;;;;;;;;
hermimon;c;gompw;;;5/07/2016;7;2016;Foretrex201;;22526,77;198854,19;;;;;;;;;;;;;
hermimon;b;gompw;;;5/07/2016;7;2016;Foretrex201;;22529,88;198845,88;;;;;;;;;;;;;
hermimon;b;gompw;;;5/07/2016;7;2016;Foretrex201;;22527,50;198845,41;;;;;;;;;;;;;
hermimon;c;gompw;;;5/07/2016;7;2016;Foretrex201;;22528,77;198838,96;;;;;;;;;;;;;
hermimon;d;gompw;;;5/07/2016;7;2016;Foretrex201;;22529,72;198832,12;;;;;;;;;;;;;
hermimon;c;gompw;;;5/07/2016;7;2016;Foretrex201;;22530,14;198838,53;;;;;;;;;;;;;
hermimon;c;gompw;;;5/07/2016;7;2016;Foretrex201;;22530,08;198839,75;;;;;;;;;;;;;
hermimon;d;gompw;;;5/07/2016;7;2016;Foretrex201;;22523,46;198849,35;;;;;;;;;;;;;
hermimon;c;gompw;;;5/07/2016;7;2016;Foretrex201;;22520,49;198857,03;;;;;;;;;;;;;
hermimon;c;gompw;;;5/07/2016;7;2016;Foretrex201;;22517,77;198865,49;;;;;;;;;;;;;
hermimon;e;gompw;;;5/07/2016;7;2016;Foretrex201;;22516,65;198871,75;;;;;;;;;;;;;
hermimon;e;gompw;;;5/07/2016;7;2016;Foretrex201;;22515,31;198874,26;;;;;;;;;;;;;
hermimon;e;gompw;;;5/07/2016;7;2016;Foretrex201;;22513,91;198878,38;;;;;;;;;;;;;
hermimon;c;gompw;;;5/07/2016;7;2016;Foretrex201;;22519,01;198881,29;;;;;;;;;;;;;
hermimon;e;gompw;;;5/07/2016;7;2016;Foretrex201;;22522,82;198872,97;;;;;;;;;;;;;
hermimon;c;gompw;;;5/07/2016;7;2016;Foretrex201;;22742,83;198975,90;;;;;;;;;;;;;
hermimon;b;gompw;;;5/07/2016;7;2016;Foretrex201;;22747,61;198979,03;;;;;;;;;;;;;
hermimon;b;gompw;;;5/07/2016;7;2016;Foretrex201;;22714,25;198978,81;;;;;;;;;;;;;
hermimon;a;gompw;;;5/07/2016;7;2016;Foretrex201;;22718,94;198975,78;;;;;;;;;;;;;
hermimon;b;gompw;;;5/07/2016;7;2016;Foretrex201;;22701,60;199015,23;;;;;;;;;;;;;
hermimon;b;gompw;;;5/07/2016;7;2016;Foretrex201;;22687,09;199014,35;;;;;;;;;;;;;
hermimon;a;gompw;;;5/07/2016;7;2016;Foretrex201;;22683,44;199030,00;;;;;;;;;;;;;
hermimon;b;gompw;;;5/07/2016;7;2016;Foretrex201;;22702,32;199037,66;;;;;;;;;;;;;
hermimon;b;gompw;;;5/07/2016;7;2016;Foretrex201;;22705,48;199044,58;;;;;;;;;;;;;
hermimon;b;gompw;;;5/07/2016;7;2016;Foretrex201;;22781,16;199050,99;;;;;;;;;;;;;
hermimon;c;gompw;;;5/07/2016;7;2016;Foretrex201;;22776,84;199043,67;;;;;;;;;;;;;
hermimon;a;gompw;;;5/07/2016;7;2016;Foretrex201;;22779,18;199030,54;;;;;;;;;;;;;
hermimon;b;gompw;;;5/07/2016;7;2016;Foretrex201;;22782,78;199017,59;;;;;;;;;;;;;
hermimon;a;gompw;;;5/07/2016;7;2016;Foretrex201;;22785,04;199012,96;;;;;;;;;;;;;
hermimon;b;gompw;;;5/07/2016;7;2016;Foretrex201;;22781,95;199007,88;;;;;;;;;;;;;
hermimon;a;gompw;;;5/07/2016;7;2016;Foretrex201;;22773,51;199005,33;;;;;;;;;;;;;
hermimon;c;gompw;;;5/07/2016;7;2016;Foretrex201;;22773,25;199042,54;;;;;;;;;;;;;
hermimon;c;gompw;;;5/07/2016;7;2016;Foretrex201;;22774,22;199039,23;;;;;;;;;;;;;
hermimon;c;gompw;;;5/07/2016;7;2016;Foretrex201;;22771,67;199034,54;;;;;;;;;;;;;
hermimon;a;gompw;;;5/07/2016;7;2016;Foretrex201;;22774,78;199022,15;;;;;;;;;;;;;
hermimon;a;gompw;;;5/07/2016;7;2016;Foretrex201;;22778,15;199018,28;;;;;;;;;;;;;
hermimon;b;gompw;;;5/07/2016;7;2016;Foretrex201;;22763,50;199038,76;;;;;;;;;;;;;
hermimon;d;gompw;;;8/07/2016;7;2016;Foretrex201;;22597,03;198797,45;;;;;;;;;;;;;
hermimon;e;gompw;;;8/07/2016;7;2016;Foretrex201;;22586,50;198794,86;;;;;;;;;;;;;
hermimon;e;gompw;;;8/07/2016;7;2016;Foretrex201;;22572,79;198787,65;;;;;;;;;;;;;
hermimon;f;gompw;;;8/07/2016;7;2016;Foretrex201;;22561,05;198789,05;;;;;;;;;;;;;
hermimon;e;gompw;;;8/07/2016;7;2016;Foretrex201;;22555,50;198787,12;;;;;;;;;;;;;
hermimon;e;gompw;;;8/07/2016;7;2016;Foretrex201;;22550,71;198781,16;;;;;;;;;;;;;
hermimon;e;gompw;;;8/07/2016;7;2016;Foretrex201;;22543,84;198779,30;;;;;;;;;;;;;
hermimon;e;gompw;;;8/07/2016;7;2016;Foretrex201;;22537,94;198779,69;;;;;;;;;;;;;
hermimon;e;gompw;;;8/07/2016;7;2016;Foretrex201;;22544,78;198772,53;;;;;;;;;;;;;
hermimon;e;gompw;;;8/07/2016;7;2016;Foretrex201;;22553,19;198775,83;;;;;;;;;;;;;
hermimon;d;gompw;;;8/07/2016;7;2016;Foretrex201;;22548,23;198757,73;;;;;;;;;;;;;
hermimon;d;gompw;;;8/07/2016;7;2016;Foretrex201;;22559,25;198754,07;;;;;;;;;;;;;
hermimon;c;gompw;;;8/07/2016;7;2016;Foretrex201;;22568,55;198753,93;;;;;;;;;;;;;
hermimon;c;gompw;;;8/07/2016;7;2016;Foretrex201;;22582,58;198751,05;;;;;;;;;;;;;
hermimon;e;gompw;;;8/07/2016;7;2016;Foretrex201;;22565,54;198769,41;;;;;;;;;;;;;
hermimon;e;gompw;;;8/07/2016;7;2016;Foretrex201;;22558,83;198764,16;;;;;;;;;;;;;
hermimon;b;gompw;;;8/07/2016;7;2016;Foretrex201;;22552,52;198761,89;;;;;;;;;;;;;
hermimon;e;gompw;;;8/07/2016;7;2016;Foretrex201;;22561,56;198779,39;;;;;;;;;;;;;
hermimon;e;gompw;;;8/07/2016;7;2016;Foretrex201;;22564,99;198783,13;;;;;;;;;;;;;
hermimon;e;gompw;;;8/07/2016;7;2016;Foretrex201;;22575,27;198781,87;;;;;;;;;;;;;
hermimon;d;gompw;;;8/07/2016;7;2016;Foretrex201;;22574,69;198775,48;;;;;;;;;;;;;
hermimon;b;gompw;;;8/07/2016;7;2016;Foretrex201;;22581,41;198776,21;;;;;;;;;;;;;
hermimon;e;gompw;;;8/07/2016;7;2016;Foretrex201;;22587,86;198776,93;;;;;;;;;;;;;
hermimon;e;gompw;;;8/07/2016;7;2016;Foretrex201;;22594,10;198777,12;;;;;;;;;;;;;
hermimon;e;gompw;;;8/07/2016;7;2016;Foretrex201;;22600,98;198779,35;;;;;;;;;;;;;
hermimon;e;gompw;;;8/07/2016;7;2016;Foretrex201;;22594,91;198785,84;;;;;;;;;;;;;
hermimon;e;gompw;;;8/07/2016;7;2016;Foretrex201;;22600,59;198792,63;;;;;;;;;;;;;
hermimon;b;gompw;;;8/07/2016;7;2016;Foretrex201;;22607,52;198797,61;;;;;;;;;;;;;
hermimon;e;gompw;;;8/07/2016;7;2016;Foretrex201;;22591,93;198786,35;;;;;;;;;;;;;
hermimon;d;gompw;;;8/07/2016;7;2016;Foretrex201;;22586,21;198781,90;;;;;;;;;;;;;
hermimon;b;gompw;;;8/07/2016;7;2016;Foretrex201;;22582,45;198779,54;;;;;;;;;;;;;
hermimon;b;gompw;eenad;;2/08/2016;8;2016;Foretrex201;;23372,92;198965,08;;;;;;;;;;;;;
hermimon;b;gompw;eenad;;2/08/2016;8;2016;Foretrex201;;23358,18;198936,11;;;;;;;;;;;;;
hermimon;b;gompw;eenad;;2/08/2016;8;2016;Foretrex201;;23357,95;198933,11;;;;;;;;;;;;;
hermimon;b;gompw;eenad;;4/08/2016;8;2016;Foretrex201;;23376,11;198959,03;;;;;;;;;;;;;
hermimon;b;gompw;eenad;;9/08/2016;8;2016;Foretrex201;;23435,49;198825,61;;;;;;;;;;;;;
hermimon;f;gompw;eenad;;9/08/2016;8;2016;Foretrex201;;23450,65;198897,71;;;;;;;;;;;;;
hermimon;b;gompw;eenad;;10/08/2016;8;2016;Foretrex201;;23811,25;199445,45;;;;;;;;;;;;;
hermimon;b;gompw;eenad;;17/08/2016;8;2016;Foretrex201;;22892,50;199358,87;;;;;;;;;;;;;
hermimon;a;gompw;eenad;;17/08/2016;8;2016;Foretrex201;;22982,94;199141,35;;;;;;;;;;;;;
hermimon;c;gompw;eenad;;17/08/2016;8;2016;Foretrex201;;23005,19;199158,66;;;;;;;;;;;;;
hermimon;b;gompw;eenad;;26/08/2016;8;2016;Foretrex201;;23089,48;199281,26;;;;;;;;;;;;;
hermimon;b;gompw;eenad;;16/08/2016;8;2016;Foretrex201;;22617,89;199164,76;;;;;;;;;;;;;
hermimon;a;gompw;eenad;;28/08/2016;8;2016;Foretrex201;;23147,02;198983,80;;;;;;;;;;;;;
hermimon;c;gompw;eenad;;28/08/2016;8;2016;Foretrex201;;23114,49;198974,40;;;;;;;;;;;;;
hermimon;b;gompw;eenad;;28/08/2016;8;2016;Foretrex201;;23132,31;198960,79;;;;;;;;;;;;;
hermimon;a;gompw;eenad;;31/08/2016;8;2016;Foretrex201;;22710,92;198688,13;;;;;;;;;;;;;
hermimon;b;gompw;eenad;;31/08/2016;8;2016;Foretrex201;;22740,13;198669,93;;;;;;;;;;;;;
hermimon;b;gompw;eenad;;31/08/2016;8;2016;Foretrex201;;22782,59;198669,72;;;;;;;;;;;;;
hermimon;a;gompw;eenad;;31/08/2016;8;2016;Foretrex201;;22756,73;198753,04;;;;;;;;;;;;;
hermimon;c;gompw;eenad;;31/08/2016;8;2016;Foretrex201;;22819,59;198732,14;;;;;;;;;;;;;
hermimon;a;gompw;eenad;;31/08/2016;8;2016;Foretrex201;;22835,80;198700,45;;;;;;;;;;;;;
hermimon;a;gompw;eenad;;31/08/2016;8;2016;Foretrex201;;22771,71;198696,60;;;;;;;;;;;;;
hermimon;c;gompw;eenad;;31/08/2016;8;2016;Foretrex201;;22788,43;198691,16;;;;;;;;;;;;;
hermimon;b;gompw;;;1/07/2016;7;2016;Foretrex201;;22729,36;198870,04;;;;;;;;;;;;;
hermimon;a;gompw;;;1/07/2016;7;2016;Foretrex201;;22734,43;198892,80;;;;;;;;;;;;;
hermimon;a;gompw;;;1/07/2016;7;2016;Foretrex201;;22738,43;198889,86;;;;;;;;;;;;;
hermimon;b;gompw;;;1/07/2016;7;2016;Foretrex201;;22733,15;198876,02;;;;;;;;;;;;;
hermimon;b;gompw;;;1/07/2016;7;2016;Foretrex201;;22729,98;198874,74;;;;;;;;;;;;;
hermimon;b;gompw;;;1/07/2016;7;2016;Foretrex201;;22729,73;198875,17;;;;;;;;;;;;;
hermimon;b;gompw;;;1/07/2016;7;2016;Foretrex201;;22721,27;198866,64;;;;;;;;;;;;;
hermimon;a;gompw;;;1/07/2016;7;2016;Foretrex201;;22719,55;198871,55;;;;;;;;;;;;;
hermimon;b;gompw;;;1/07/2016;7;2016;Foretrex201;;22716,59;198874,65;;;;;;;;;;;;;
hermimon;b;gompw;;;1/07/2016;7;2016;Foretrex201;;22667,43;198887,39;;;;;;;;;;;;;
hermimon;c;gompw;;;1/07/2016;7;2016;Foretrex201;;22652,98;198900,77;;;;;;;;;;;;;
hermimon;c;gompw;;;1/07/2016;7;2016;Foretrex201;;22676,28;198908,27;;;;;;;;;;;;;
hermimon;c;gompw;;;1/07/2016;7;2016;Foretrex201;;22674,96;198904,65;;;;;;;;;;;;;
hermimon;b;gompw;;;1/07/2016;7;2016;Foretrex201;;22689,39;198917,26;;;;;;;;;;;;;
hermimon;c;gompw;;;1/07/2016;7;2016;Foretrex201;;22711,69;198937,31;;;;;;;;;;;;;
hermimon;c;gompw;;;1/07/2016;7;2016;Foretrex201;;22715,22;198937,25;;;;;;;;;;;;;
hermimon;c;gompw;;;1/07/2016;7;2016;Foretrex201;;22727,62;198925,02;;;;;;;;;;;;;
hermimon;c;gompw;;;1/07/2016;7;2016;Foretrex201;;22733,37;198935,21;;;;;;;;;;;;;
hermimon;b;gompw;;;1/07/2016;7;2016;Foretrex201;;22724,49;198944,23;;;;;;;;;;;;;
hermimon;b;gompw;;;1/07/2016;7;2016;Foretrex201;;22733,94;198943,41;;;;;;;;;;;;;
hermimon;b;gompw;;;1/07/2016;7;2016;Foretrex201;;22728,53;198914,66;;;;;;;;;;;;;
hermimon;b;gompw;;;1/07/2016;7;2016;Foretrex201;;22692,15;198893,35;;;;;;;;;;;;;
hermimon;b;gompw;;;1/07/2016;7;2016;Foretrex201;;22677,33;198893,65;;;;;;;;;;;;;
hermimon;c;gompw;;;1/07/2016;7;2016;Foretrex201;;22678,68;198902,46;;;;;;;;;;;;;
hermimon;b;gompw;;;1/07/2016;7;2016;Foretrex201;;22681,93;198907,35;;;;;;;;;;;;;
hermimon;b;gompw;;;1/07/2016;7;2016;Foretrex201;;22707,27;198925,56;;;;;;;;;;;;;
hermimon;a;gompw;;;1/07/2016;7;2016;Foretrex201;;22709,73;198932,84;;;;;;;;;;;;;
hermimon;c;gompw;;;1/07/2016;7;2016;Foretrex201;;22719,81;198924,01;;;;;;;;;;;;;
hermimon;b;gompw;;;1/07/2016;7;2016;Foretrex201;;22713,80;198909,67;;;;;;;;;;;;;
hermimon;b;gompw;;;1/07/2016;7;2016;Foretrex201;;22706,46;198902,55;;;;;;;;;;;;;
hermimon;a;gompw;;;1/07/2016;7;2016;Foretrex201;;22690,46;198897,16;;;;;;;;;;;;;
hermimon;a;gompw;;;1/07/2016;7;2016;Foretrex201;;22688,80;198898,54;;;;;;;;;;;;;
hermimon;b;gompw;;;1/07/2016;7;2016;Foretrex201;;22683,78;198896,41;;;;;;;;;;;;;
hermimon;a;gompw;;;1/07/2016;7;2016;Foretrex201;;22679,29;198900,82;;;;;;;;;;;;;
hermimon;a;gompw;;;1/07/2016;7;2016;Foretrex201;;22693,91;198909,05;;;;;;;;;;;;;
hermimon;b;gompw;;;1/07/2016;7;2016;Foretrex201;;22698,74;198910,81;;;;;;;;;;;;;
hermimon;a;gompw;;;1/07/2016;7;2016;Foretrex201;;22705,02;198906,02;;;;;;;;;;;;;
hermimon;b;gompw;;;1/07/2016;7;2016;Foretrex201;;22699,12;198899,75;;;;;;;;;;;;;
hermimon;c;gompw;;;1/07/2016;7;2016;Foretrex201;;22591,49;198869,27;;;;;;;;;;;;;
hermimon;c;gompw;;;1/07/2016;7;2016;Foretrex201;;22586,72;198870,57;;;;;;;;;;;;;
hermimon;b;gompw;;;1/07/2016;7;2016;Foretrex201;;22585,67;198879,76;;;;;;;;;;;;;
hermimon;a;gompw;;;1/07/2016;7;2016;Foretrex201;;22573,77;198910,23;;;;;;;;;;;;;
hermimon;a;gompw;;;1/07/2016;7;2016;Foretrex201;;22570,46;198910,94;;;;;;;;;;;;;
hermimon;c;gompw;;;1/07/2016;7;2016;Foretrex201;;22578,55;198924,61;;;;;;;;;;;;;
hermimon;b;gompw;;;1/07/2016;7;2016;Foretrex201;;22572,57;198916,05;;;;;;;;;;;;;
hermimon;a;gompw;;;1/07/2016;7;2016;Foretrex201;;22580,02;198916,65;;;;;;;;;;;;;
hermimon;a;gompw;;;1/07/2016;7;2016;Foretrex201;;22611,14;198906,69;;;;;;;;;;;;;
hermimon;b;gompw;;;1/07/2016;7;2016;Foretrex201;;22624,19;198912,68;;;;;;;;;;;;;
hermimon;b;gompw;;;1/07/2016;7;2016;Foretrex201;;22626,48;198914,47;;;;;;;;;;;;;
hermimon;c;gompw;;;1/07/2016;7;2016;Foretrex201;;22628,34;198917,49;;;;;;;;;;;;;
hermimon;c;gompw;;;1/07/2016;7;2016;Foretrex201;;22632,73;198914,55;;;;;;;;;;;;;
hermimon;b;gompw;;;1/07/2016;7;2016;Foretrex201;;22634,02;198921,10;;;;;;;;;;;;;
hermimon;c;gompw;;;1/07/2016;7;2016;Foretrex201;;22636,06;198924,32;;;;;;;;;;;;;
hermimon;a;gompw;;;1/07/2016;7;2016;Foretrex201;;22637,79;198920,68;;;;;;;;;;;;;
hermimon;a;gompw;;;1/07/2016;7;2016;Foretrex201;;22645,60;198917,18;;;;;;;;;;;;;
hermimon;c;gompw;;;1/07/2016;7;2016;Foretrex201;;22597,55;198868,44;;;;;;;;;;;;;
hermimon;a;gompw;;;1/07/2016;7;2016;Foretrex201;;22588,29;198892,97;;;;;;;;;;;;;
hermimon;c;gompw;;;1/07/2016;7;2016;Foretrex201;;22592,64;198912,89;;;;;;;;;;;;;
hermimon;c;gompw;;;1/07/2016;7;2016;Foretrex201;;22612,96;198904,16;;;;;;;;;;;;;
hermimon;c;gompw;;;1/07/2016;7;2016;Foretrex201;;22618,33;198903,82;;;;;;;;;;;;;
hermimon;b;gompw;;;1/07/2016;7;2016;Foretrex201;;22617,50;198906,12;;;;;;;;;;;;;
hermimon;c;gompw;;;1/07/2016;7;2016;Foretrex201;;22621,46;198905,04;;;;;;;;;;;;;
hermimon;c;gompw;;;1/07/2016;7;2016;Foretrex201;;22626,21;198908,91;;;;;;;;;;;;;
hermimon;c;gompw;;;1/07/2016;7;2016;Foretrex201;;22629,33;198912,73;;;;;;;;;;;;;
hermimon;c;gompw;;;1/07/2016;7;2016;Foretrex201;;22636,49;198912,86;;;;;;;;;;;;;
hermimon;c;gompw;;;1/07/2016;7;2016;Foretrex201;;22632,24;198903,43;;;;;;;;;;;;;
hermimon;c;gompw;;;1/07/2016;7;2016;Foretrex201;;22631,40;198903,41;;;;;;;;;;;;;
hermimon;c;gompw;;;1/07/2016;7;2016;Foretrex201;;22628,82;198897,59;;;;;;;;;;;;;
hermimon;c;gompw;;;1/07/2016;7;2016;Foretrex201;;22599,83;198877,44;;;;;;;;;;;;;
hermimon;c;gompw;;;1/07/2016;7;2016;Foretrex201;;22595,39;198879,74;;;;;;;;;;;;;
hermimon;c;gompw;;;1/07/2016;7;2016;Foretrex201;;22596,41;198885,08;;;;;;;;;;;;;
hermimon;c;gompw;;;1/07/2016;7;2016;Foretrex201;;22592,12;198888,41;;;;;;;;;;;;;
hermimon;c;gompw;;;1/07/2016;7;2016;Foretrex201;;22610,39;198903,75;;;;;;;;;;;;;
hermimon;c;gompw;;;1/07/2016;7;2016;Foretrex201;;22627,24;198906,36;;;;;;;;;;;;;
hermimon;c;gompw;;;1/07/2016;7;2016;Foretrex201;;22630,80;198908,82;;;;;;;;;;;;;
hermimon;b;gompw;;;1/07/2016;7;2016;Foretrex201;;22623,06;198898,53;;;;;;;;;;;;;
hermimon;c;gompw;;;1/07/2016;7;2016;Foretrex201;;22621,49;198891,29;;;;;;;;;;;;;
hermimon;b;gompw;;;1/07/2016;7;2016;Foretrex201;;22619,01;198887,83;;;;;;;;;;;;;
hermimon;b;gompw;;;1/07/2016;7;2016;Foretrex201;;22616,74;198883,68;;;;;;;;;;;;;
hermimon;b;gompw;;;1/07/2016;7;2016;Foretrex201;;22600,91;198879,53;;;;;;;;;;;;;
hermimon;c;gompw;;;1/07/2016;7;2016;Foretrex201;;22599,10;198881,87;;;;;;;;;;;;;
hermimon;b;gompw;;;1/07/2016;7;2016;Foretrex201;;22601,31;198890,01;;;;;;;;;;;;;
hermimon;c;gompw;;;1/07/2016;7;2016;Foretrex201;;22608,64;198899,87;;;;;;;;;;;;;
hermimon;c;gompw;;;1/07/2016;7;2016;Foretrex201;;22614,88;198897,07;;;;;;;;;;;;;
hermimon;a;gompw;;;1/07/2016;7;2016;Foretrex201;;22621,59;198900,98;;;;;;;;;;;;;
hermimon;c;gompw;;;1/07/2016;7;2016;Foretrex201;;22615,56;198892,23;;;;;;;;;;;;;
hermimon;c;gompw;;;1/07/2016;7;2016;Foretrex201;;22610,89;198887,66;;;;;;;;;;;;;
hermimon;c;gompw;;;1/07/2016;7;2016;Foretrex201;;22610,00;198881,64;;;;;;;;;;;;;
hermimon;c;gompw;;;1/07/2016;7;2016;Foretrex201;;22605,04;198880,90;;;;;;;;;;;;;
hermimon;c;gompw;;;1/07/2016;7;2016;Foretrex201;;22601,43;198883,98;;;;;;;;;;;;;
hermimon;c;gompw;;;1/07/2016;7;2016;Foretrex201;;22603,95;198889,73;;;;;;;;;;;;;
hermimon;c;gompw;;;1/07/2016;7;2016;Foretrex201;;22605,30;198892,11;;;;;;;;;;;;;
hermimon;c;gompw;;;1/07/2016;7;2016;Foretrex201;;22610,27;198892,55;;;;;;;;;;;;;
hermimon;c;gompw;;;1/07/2016;7;2016;Foretrex201;;22612,35;198895,11;;;;;;;;;;;;;
hermimon;c;gompw;;;1/07/2016;7;2016;Foretrex201;;22604,62;198883,64;;;;;;;;;;;;;
hermimon;c;gompw;;;4/07/2016;7;2016;Foretrex201;;22526,08;198918,57;;;;;;;;;;;;;
hermimon;a;gompw;;;4/07/2016;7;2016;Foretrex201;;22497,95;198902,96;;;;;;;;;;;;;
hermimon;a;gompw;;;4/07/2016;7;2016;Foretrex201;;22468,51;198914,47;;;;;;;;;;;;;
hermimon;c;gompw;;;4/07/2016;7;2016;Foretrex201;;22462,94;198923,42;;;;;;;;;;;;;
hermimon;a;gompw;;;4/07/2016;7;2016;Foretrex201;;22499,14;198963,44;;;;;;;;;;;;;
hermimon;b;gompw;;;4/07/2016;7;2016;Foretrex201;;22502,33;198965,08;;;;;;;;;;;;;
hermimon;b;gompw;;;4/07/2016;7;2016;Foretrex201;;22542,43;198935,09;;;;;;;;;;;;;
hermimon;b;gompw;;;4/07/2016;7;2016;Foretrex201;;22547,21;198906,61;;;;;;;;;;;;;
hermimon;c;gompw;;;4/07/2016;7;2016;Foretrex201;;22523,27;198923,75;;;;;;;;;;;;;
hermimon;b;gompw;;;4/07/2016;7;2016;Foretrex201;;22540,72;198934,42;;;;;;;;;;;;;
hermimon;a;gompw;;;4/07/2016;7;2016;Foretrex201;;22536,17;198922,57;;;;;;;;;;;;;
hermimon;b;gompw;;;4/07/2016;7;2016;Foretrex201;;22540,36;198920,91;;;;;;;;;;;;;
hermimon;b;gompw;;;4/07/2016;7;2016;Foretrex201;;22535,71;198926,18;;;;;;;;;;;;;
hermimon;e;gompw;;;5/07/2016;7;2016;Foretrex201;;22512,33;198806,12;;;;;;;;;;;;;
hermimon;c;gompw;;;5/07/2016;7;2016;Foretrex201;;22512,41;198811,60;;;;;;;;;;;;;
hermimon;d;gompw;;;5/07/2016;7;2016;Foretrex201;;22511,66;198813,25;;;;;;;;;;;;;
hermimon;c;gompw;;;5/07/2016;7;2016;Foretrex201;;22510,60;198821,49;;;;;;;;;;;;;
hermimon;c;gompw;;;5/07/2016;7;2016;Foretrex201;;22507,54;198824,89;;;;;;;;;;;;;
hermimon;c;gompw;;;5/07/2016;7;2016;Foretrex201;;22500,14;198841,20;;;;;;;;;;;;;
hermimon;c;gompw;;;5/07/2016;7;2016;Foretrex201;;22498,09;198846,40;;;;;;;;;;;;;
hermimon;b;gompw;;;5/07/2016;7;2016;Foretrex201;;22504,80;198898,67;;;;;;;;;;;;;
hermimon;c;gompw;;;5/07/2016;7;2016;Foretrex201;;22515,39;198905,08;;;;;;;;;;;;;
hermimon;c;gompw;;;5/07/2016;7;2016;Foretrex201;;22537,57;198900,12;;;;;;;;;;;;;
hermimon;c;gompw;;;5/07/2016;7;2016;Foretrex201;;22542,28;198885,60;;;;;;;;;;;;;
hermimon;e;gompw;;;5/07/2016;7;2016;Foretrex201;;22551,21;198865,80;;;;;;;;;;;;;
hermimon;c;gompw;;;5/07/2016;7;2016;Foretrex201;;22555,20;198858,09;;;;;;;;;;;;;
hermimon;b;gompw;;;5/07/2016;7;2016;Foretrex201;;22563,82;198843,80;;;;;;;;;;;;;
hermimon;c;gompw;;;5/07/2016;7;2016;Foretrex201;;22566,17;198840,20;;;;;;;;;;;;;
hermimon;d;gompw;;;5/07/2016;7;2016;Foretrex201;;22562,72;198832,17;;;;;;;;;;;;;
hermimon;c;gompw;;;5/07/2016;7;2016;Foretrex201;;22557,15;198828,05;;;;;;;;;;;;;
hermimon;c;gompw;;;5/07/2016;7;2016;Foretrex201;;22554,41;198826,12;;;;;;;;;;;;;
hermimon;b;gompw;;;5/07/2016;7;2016;Foretrex201;;22546,52;198815,11;;;;;;;;;;;;;
hermimon;e;gompw;;;5/07/2016;7;2016;Foretrex201;;22544,81;198808,84;;;;;;;;;;;;;
hermimon;d;gompw;;;5/07/2016;7;2016;Foretrex201;;22542,53;198803,71;;;;;;;;;;;;;
hermimon;e;gompw;;;5/07/2016;7;2016;Foretrex201;;22536,99;198806,48;;;;;;;;;;;;;
hermimon;d;gompw;;;5/07/2016;7;2016;Foretrex201;;22534,44;198802,58;;;;;;;;;;;;;
hermimon;d;gompw;;;5/07/2016;7;2016;Foretrex201;;22530,27;198799,84;;;;;;;;;;;;;
hermimon;d;gompw;;;5/07/2016;7;2016;Foretrex201;;22525,83;198794,59;;;;;;;;;;;;;
hermimon;c;gompw;;;5/07/2016;7;2016;Foretrex201;;22522,22;198794,30;;;;;;;;;;;;;
hermimon;e;gompw;;;5/07/2016;7;2016;Foretrex201;;22518,92;198801,49;;;;;;;;;;;;;
hermimon;b;gompw;;;5/07/2016;7;2016;Foretrex201;;22518,01;198809,59;;;;;;;;;;;;;
hermimon;e;gompw;;;5/07/2016;7;2016;Foretrex201;;22517,23;198815,08;;;;;;;;;;;;;
hermimon;e;gompw;;;5/07/2016;7;2016;Foretrex201;;22515,63;198819,41;;;;;;;;;;;;;
hermimon;c;gompw;;;5/07/2016;7;2016;Foretrex201;;22514,13;198825,94;;;;;;;;;;;;;
hermimon;c;gompw;;;5/07/2016;7;2016;Foretrex201;;22512,92;198831,69;;;;;;;;;;;;;
hermimon;c;gompw;;;5/07/2016;7;2016;Foretrex201;;22512,23;198836,05;;;;;;;;;;;;;
hermimon;c;gompw;;;5/07/2016;7;2016;Foretrex201;;22510,46;198844,67;;;;;;;;;;;;;
hermimon;c;gompw;;;5/07/2016;7;2016;Foretrex201;;22506,52;198843,86;;;;;;;;;;;;;
hermimon;d;gompw;;;5/07/2016;7;2016;Foretrex201;;22502,88;198847,78;;;;;;;;;;;;;
hermimon;b;gompw;;;5/07/2016;7;2016;Foretrex201;;22499,11;198853,83;;;;;;;;;;;;;
hermimon;b;gompw;;;5/07/2016;7;2016;Foretrex201;;22498,87;198858,32;;;;;;;;;;;;;
hermimon;c;gompw;;;5/07/2016;7;2016;Foretrex201;;22496,32;198865,35;;;;;;;;;;;;;
hermimon;c;gompw;;;5/07/2016;7;2016;Foretrex201;;22496,49;198867,32;;;;;;;;;;;;;
hermimon;c;gompw;;;5/07/2016;7;2016;Foretrex201;;22496,98;198889,19;;;;;;;;;;;;;
hermimon;c;gompw;;;5/07/2016;7;2016;Foretrex201;;22501,20;198891,73;;;;;;;;;;;;;
hermimon;d;gompw;;;5/07/2016;7;2016;Foretrex201;;22533,21;198894,35;;;;;;;;;;;;;
hermimon;c;gompw;;;5/07/2016;7;2016;Foretrex201;;22532,98;198890,93;;;;;;;;;;;;;
hermimon;c;gompw;;;5/07/2016;7;2016;Foretrex201;;22534,28;198888,71;;;;;;;;;;;;;
hermimon;d;gompw;;;5/07/2016;7;2016;Foretrex201;;22538,96;198883,94;;;;;;;;;;;;;
hermimon;d;gompw;;;5/07/2016;7;2016;Foretrex201;;22543,58;198877,87;;;;;;;;;;;;;
hermimon;d;gompw;;;5/07/2016;7;2016;Foretrex201;;22544,08;198873,53;;;;;;;;;;;;;
hermimon;e;gompw;;;5/07/2016;7;2016;Foretrex201;;22546,31;198868,46;;;;;;;;;;;;;
hermimon;c;gompw;;;5/07/2016;7;2016;Foretrex201;;22548,05;198855,55;;;;;;;;;;;;;
hermimon;c;gompw;;;5/07/2016;7;2016;Foretrex201;;22553,84;198858,20;;;;;;;;;;;;;
hermimon;c;gompw;;;5/07/2016;7;2016;Foretrex201;;22555,12;198849,25;;;;;;;;;;;;;
hermimon;d;gompw;;;5/07/2016;7;2016;Foretrex201;;22555,92;198847,67;;;;;;;;;;;;;
hermimon;e;gompw;;;5/07/2016;7;2016;Foretrex201;;22557,06;198845,56;;;;;;;;;;;;;
hermimon;e;gompw;;;5/07/2016;7;2016;Foretrex201;;22551,98;198841,30;;;;;;;;;;;;;
hermimon;e;gompw;;;5/07/2016;7;2016;Foretrex201;;22547,04;198834,09;;;;;;;;;;;;;
hermimon;d;gompw;;;5/07/2016;7;2016;Foretrex201;;22542,57;198826,93;;;;;;;;;;;;;
hermimon;c;gompw;;;5/07/2016;7;2016;Foretrex201;;22542,37;198825,95;;;;;;;;;;;;;
hermimon;e;gompw;;;5/07/2016;7;2016;Foretrex201;;22539,41;198817,75;;;;;;;;;;;;;
hermimon;e;gompw;;;5/07/2016;7;2016;Foretrex201;;22541,34;198815,75;;;;;;;;;;;;;
hermimon;e;gompw;;;5/07/2016;7;2016;Foretrex201;;22542,17;198812,97;;;;;;;;;;;;;
hermimon;e;gompw;;;5/07/2016;7;2016;Foretrex201;;22535,60;198810,75;;;;;;;;;;;;;
hermimon;e;gompw;;;5/07/2016;7;2016;Foretrex201;;22530,56;198805,86;;;;;;;;;;;;;
hermimon;e;gompw;;;5/07/2016;7;2016;Foretrex201;;22523,97;198801,52;;;;;;;;;;;;;
hermimon;d;gompw;;;5/07/2016;7;2016;Foretrex201;;22522,85;198795,77;;;;;;;;;;;;;
hermimon;e;gompw;;;5/07/2016;7;2016;Foretrex201;op 7m;22522,91;198815,60;;;;;;;;;;;;;
hermimon;e;gompw;;;5/07/2016;7;2016;Foretrex201;;22520,21;198815,45;;;;;;;;;;;;;
hermimon;e;gompw;;;5/07/2016;7;2016;Foretrex201;;22518,90;198821,61;;;;;;;;;;;;;
hermimon;d;gompw;;;5/07/2016;7;2016;Foretrex201;;22516,15;198825,47;;;;;;;;;;;;;
hermimon;c;gompw;;;5/07/2016;7;2016;Foretrex201;;22516,44;198833,39;;;;;;;;;;;;;
hermimon;c;gompw;;;5/07/2016;7;2016;Foretrex201;;22514,57;198840,36;;;;;;;;;;;;;
hermimon;c;gompw;;;5/07/2016;7;2016;Foretrex201;;22513,16;198845,45;;;;;;;;;;;;;
hermimon;c;gompw;;;5/07/2016;7;2016;Foretrex201;;22510,95;198848,09;;;;;;;;;;;;;
hermimon;d;gompw;;;5/07/2016;7;2016;Foretrex201;;22505,73;198856,71;;;;;;;;;;;;;
hermimon;c;gompw;;;5/07/2016;7;2016;Foretrex201;;22503,28;198855,70;;;;;;;;;;;;;
hermimon;c;gompw;;;5/07/2016;7;2016;Foretrex201;;22502,27;198863,26;;;;;;;;;;;;;
hermimon;c;gompw;;;5/07/2016;7;2016;Foretrex201;;22502,86;198870,83;;;;;;;;;;;;;
hermimon;b;gompw;;;5/07/2016;7;2016;Foretrex201;;22501,58;198879,12;;;;;;;;;;;;;
hermimon;d;gompw;;;5/07/2016;7;2016;Foretrex201;;22498,91;198884,03;;;;;;;;;;;;;
hermimon;c;gompw;;;5/07/2016;7;2016;Foretrex201;;22533,43;198883,15;;;;;;;;;;;;;
hermimon;c;gompw;;;5/07/2016;7;2016;Foretrex201;;22530,34;198877,93;;;;;;;;;;;;;
hermimon;b;gompw;;;5/07/2016;7;2016;Foretrex201;;22542,15;198865,82;;;;;;;;;;;;;
hermimon;c;gompw;;;5/07/2016;7;2016;Foretrex201;;22542,36;198863,16;;;;;;;;;;;;;
hermimon;d;gompw;;;5/07/2016;7;2016;Foretrex201;;22546,02;198858,46;;;;;;;;;;;;;
hermimon;e;gompw;;;5/07/2016;7;2016;Foretrex201;;22548,16;198854,17;;;;;;;;;;;;;
hermimon;e;gompw;;;5/07/2016;7;2016;Foretrex201;;22550,50;198850,61;;;;;;;;;;;;;
hermimon;d;gompw;;;5/07/2016;7;2016;Foretrex201;;22553,08;198845,36;;;;;;;;;;;;;
hermimon;d;gompw;;;5/07/2016;7;2016;Foretrex201;;22541,72;198835,67;;;;;;;;;;;;;
hermimon;c;gompw;;;5/07/2016;7;2016;Foretrex201;;22535,61;198829,06;;;;;;;;;;;;;
hermimon;d;gompw;;;5/07/2016;7;2016;Foretrex201;;22533,40;198826,03;;;;;;;;;;;;;
hermimon;e;gompw;;;5/07/2016;7;2016;Foretrex201;;22528,04;198814,69;;;;;;;;;;;;;
hermimon;e;gompw;;;5/07/2016;7;2016;Foretrex201;;22536,79;198813,53;;;;;;;;;;;;;
hermimon;e;gompw;;;5/07/2016;7;2016;Foretrex201;;22529,45;198814,51;;;;;;;;;;;;;
hermimon;e;gompw;;;5/07/2016;7;2016;Foretrex201;;22527,08;198818,41;;;;;;;;;;;;;
hermimon;e;gompw;;;5/07/2016;7;2016;Foretrex201;;22524,52;198821,92;;;;;;;;;;;;;
hermimon;d;gompw;;;5/07/2016;7;2016;Foretrex201;;22523,86;198828,70;;;;;;;;;;;;;
hermimon;c;gompw;;;5/07/2016;7;2016;Foretrex201;;22520,34;198834,39;;;;;;;;;;;;;
hermimon;c;gompw;;;5/07/2016;7;2016;Foretrex201;;22519,06;198836,12;;;;;;;;;;;;;
hermimon;c;gompw;;;5/07/2016;7;2016;Foretrex201;;22525,17;198833,67;;;;;;;;;;;;;
hermimon;c;gompw;;;5/07/2016;7;2016;Foretrex201;;22512,89;198853,86;;;;;;;;;;;;;
hermimon;c;gompw;;;5/07/2016;7;2016;Foretrex201;;22510,09;198861,50;;;;;;;;;;;;;
hermimon;c;gompw;;;5/07/2016;7;2016;Foretrex201;;22507,60;198861,91;;;;;;;;;;;;;
hermimon;d;gompw;;;5/07/2016;7;2016;Foretrex201;;22506,97;198868,56;;;;;;;;;;;;;
hermimon;c;gompw;;;5/07/2016;7;2016;Foretrex201;;22504,32;198881,52;;;;;;;;;;;;;
hermimon;c;gompw;;;5/07/2016;7;2016;Foretrex201;;22505,31;198884,85;;;;;;;;;;;;;
hermimon;c;gompw;;;5/07/2016;7;2016;Foretrex201;;22527,74;198890,21;;;;;;;;;;;;;
hermimon;d;gompw;;;5/07/2016;7;2016;Foretrex201;;22529,35;198883,56;;;;;;;;;;;;;
hermimon;c;gompw;;;5/07/2016;7;2016;Foretrex201;;22532,65;198867,84;;;;;;;;;;;;;
hermimon;c;gompw;;;5/07/2016;7;2016;Foretrex201;;22534,95;198849,90;;;;;;;;;;;;;
hermimon;e;gompw;;;5/07/2016;7;2016;Foretrex201;;22537,95;198842,20;;;;;;;;;;;;;
hermimon;c;gompw;;;5/07/2016;7;2016;Foretrex201;;22539,16;198837,64;;;;;;;;;;;;;
hermimon;c;gompw;;;5/07/2016;7;2016;Foretrex201;;22527,85;198832,13;;;;;;;;;;;;;
hermimon;d;gompw;;;5/07/2016;7;2016;Foretrex201;;22530,61;198826,47;;;;;;;;;;;;;
hermimon;d;gompw;;;5/07/2016;7;2016;Foretrex201;;22530,19;198823,08;;;;;;;;;;;;;
hermimon;d;gompw;;;5/07/2016;7;2016;Foretrex201;;22528,43;198829,92;;;;;;;;;;;;;
hermimon;c;gompw;;;5/07/2016;7;2016;Foretrex201;;22524,54;198836,79;;;;;;;;;;;;;
hermimon;c;gompw;;;5/07/2016;7;2016;Foretrex201;;22522,87;198840,45;;;;;;;;;;;;;
hermimon;c;gompw;;;5/07/2016;7;2016;Foretrex201;;22518,55;198848,79;;;;;;;;;;;;;
hermimon;b;gompw;;;5/07/2016;7;2016;Foretrex201;;22515,66;198853,39;;;;;;;;;;;;;
hermimon;c;gompw;;;5/07/2016;7;2016;Foretrex201;;22513,95;198861,17;;;;;;;;;;;;;
hermimon;c;gompw;;;5/07/2016;7;2016;Foretrex201;;22511,32;198863,97;;;;;;;;;;;;;
hermimon;d;gompw;;;5/07/2016;7;2016;Foretrex201;;22509,51;198872,03;;;;;;;;;;;;;
hermimon;c;gompw;;;5/07/2016;7;2016;Foretrex201;;22508,09;198876,31;;;;;;;;;;;;;
hermimon;b;gompw;;;5/07/2016;7;2016;Foretrex201;;22512,57;198884,17;;;;;;;;;;;;;
hermimon;a;gompw;eenad;;10/08/2016;8;2016;Foretrex201;zeeruspanne;23429,85;198893,36;;;;;;;;;;;;;
hermimon;b;gompw;eenad;;30/08/2016;8;2016;Foretrex201;;22621,44;198729,07;;;;;;;;;;;;;
hermimon;b;gompw;eenad;;30/08/2016;8;2016;Foretrex201;;22626,57;198773,29;;;;;;;;;;;;;
hermimon;b;gompw;eenad;;30/08/2016;8;2016;Foretrex201;;22616,05;198771,88;;;;;;;;;;;;;
hermimon;c;gompw;eenad;;30/08/2016;8;2016;Foretrex201;;22591,97;198760,99;;;;;;;;;;;;;
hermimon;b;gompw;eenad;;30/08/2016;8;2016;Foretrex201;;22613,76;198742,96;;;;;;;;;;;;;
hermimon;b;gompw;eenad;;30/08/2016;8;2016;Foretrex201;;22810,82;198973,89;;;;;;;;;;;;;
hermimon;b;gompw;eenad;;30/08/2016;8;2016;Foretrex201;;22808,41;198965,14;;;;;;;;;;;;;
hermimon;a;gompw;eenad;;30/08/2016;8;2016;Foretrex201;;22818,97;198958,78;;;;;;;;;;;;;
hermimon;c;gompw;eenad;;30/08/2016;8;2016;Foretrex201;klein frankrijk;22875,42;198745,85;;;;;;;;;;;;;
hermimon;b;gompw;eenad;;30/08/2016;8;2016;Foretrex201;klein frankrijk;22871,85;198743,18;;;;;;;;;;;;;
hermimon;b;gompw;eenad;;30/08/2016;8;2016;Foretrex201;klein frankrijk;22829,91;198769,20;;;;;;;;;;;;;
hermimon;c;gompw;eenad;;30/08/2016;8;2016;Foretrex201;klein frankrijk;22778,31;198776,05;;;;;;;;;;;;;
hermimon;d;gompw;eenad;;30/08/2016;8;2016;Foretrex201;klein frankrijk;22881,56;198704,05;;;;;;;;;;;;;
hermimon;c;gompw;eenad;;30/08/2016;8;2016;Foretrex201;klein frankrijk;22860,69;198747,32;;;;;;;;;;;;;
hermimon;a;gompw;eenad;;5/08/2016;8;2016;Foretrex201;;23111,78;199298,66;;;;;;;;;;;;;
hermimon;b;eenad;neuct;;22/08/2016;8;2016;Foretrex201;;22902,43;199064,66;;;;;;;;;;;;;
hermimon;b;gompw;;;9/07/2015;7;2015;Foretrex201;;32383,88;204033,83;;;;;;;;;;;;;
hermimon;d;gompw;;;9/07/2015;7;2015;Foretrex201;;32380,47;204044,59;;;;;;;;;;;;;
hermimon;c;gompw;;;9/07/2015;7;2015;Foretrex201;;32364,92;204043,13;;;;;;;;;;;;;
hermimon;a;gompw;;;9/07/2015;7;2015;Foretrex201;;32361,57;204018,51;;;;;;;;;;;;;
hermimon;a;gompw;;;10/07/2015;7;2015;Foretrex201;;32392,37;204030,61;;;;;;;;;;;;;
hermimon;;gompw;;;30/06/2015;6;2015;Foretrex201;;32508,13;204174,60;;;;;;;;;;;;;
hermimon;a;gompw;;;30/06/2015;6;2015;Foretrex201;;32515,71;204173,23;;;;;;;;;;;;;
hermimon;c;gompw;;;30/06/2015;6;2015;Foretrex201;;32521,46;204148,29;;;;;;;;;;;;;
hermimon;c;gompw;;;30/06/2015;6;2015;Foretrex201;;32468,44;204150,55;;;;;;;;;;;;;
hermimon;c;gompw;;;30/06/2015;6;2015;Foretrex201;;32465,64;204146,93;;;;;;;;;;;;;
hermimon;b;gompw;;;30/06/2015;6;2015;Foretrex201;;32457,50;204148,15;;;;;;;;;;;;;
hermimon;b;gompw;;;30/06/2015;6;2015;Foretrex201;;32448,93;204154,55;;;;;;;;;;;;;
hermimon;a;gompw;;;30/06/2015;6;2015;Foretrex201;;32507,19;204158,14;;;;;;;;;;;;;
hermimon;b;gompw;;;30/06/2015;6;2015;Foretrex201;;32498,95;204158,42;;;;;;;;;;;;;
hermimon;e;gompw;verce;;1/07/2015;7;2015;Foretrex201;;32381,59;204053,79;;;;;;;;;;;;;
hermimon;e;gompw;verce;;1/07/2015;7;2015;Foretrex201;;32383,29;204046,17;;;;;;;;;;;;;
hermimon;a;gompw;verce;;1/07/2015;7;2015;Foretrex201;;32384,93;204054,32;;;;;;;;;;;;;
hermimon;e;gompw;verce;;1/07/2015;7;2015;Foretrex201;;32387,88;204049,27;;;;;;;;;;;;;
hermimon;e;gompw;verce;;1/07/2015;7;2015;Foretrex201;;32389,95;204049,27;;;;;;;;;;;;;
hermimon;d;gompw;verce;;1/07/2015;7;2015;Foretrex201;;32414,92;204059,19;;;;;;;;;;;;;
hermimon;c;gompw;verce;;1/07/2015;7;2015;Foretrex201;;32425,45;204066,01;;;;;;;;;;;;;
hermimon;c;gompw;verce;;1/07/2015;7;2015;Foretrex201;;32385,31;204072,42;;;;;;;;;;;;;
hermimon;d;gompw;verce;;1/07/2015;7;2015;Foretrex201;;32386,06;204062,19;;;;;;;;;;;;;
hermimon;c;gompw;verce;;1/07/2015;7;2015;Foretrex201;;32390,43;204053,27;;;;;;;;;;;;;
hermimon;c;gompw;verce;;1/07/2015;7;2015;Foretrex201;;32417,26;204065,45;;;;;;;;;;;;;
hermimon;e;gompw;verce;;1/07/2015;7;2015;Foretrex201;;32416,99;204069,19;;;;;;;;;;;;;
hermimon;c;gompw;verce;;1/07/2015;7;2015;Foretrex201;;32425,87;204073,19;;;;;;;;;;;;;
hermimon;e;gompw;verce;mathc;6/07/2015;7;2015;Foretrex201;;32404,85;204101,03;;;;;;;;;;;;;
hermimon;d;gompw;verce;mathc;6/07/2015;7;2015;Foretrex201;;32398,05;204099,79;;;;;;;;;;;;;
hermimon;c;gompw;verce;mathc;6/07/2015;7;2015;Foretrex201;;32395,09;204089,60;;;;;;;;;;;;;
hermimon;d;gompw;verce;mathc;6/07/2015;7;2015;Foretrex201;;32390,55;204084,61;;;;;;;;;;;;;
hermimon;d;gompw;verce;mathc;6/07/2015;7;2015;Foretrex201;;32390,50;204079,14;;;;;;;;;;;;;
hermimon;a;gompw;verce;mathc;6/07/2015;7;2015;Foretrex201;;32392,49;204067,05;;;;;;;;;;;;;
hermimon;c;gompw;verce;mathc;6/07/2015;7;2015;Foretrex201;;32403,84;204063,16;;;;;;;;;;;;;
hermimon;e;gompw;verce;mathc;6/07/2015;7;2015;Foretrex201;;32409,07;204065,26;;;;;;;;;;;;;
hermimon;c;gompw;verce;mathc;6/07/2015;7;2015;Foretrex201;;32415,87;204070,28;;;;;;;;;;;;;
hermimon;e;gompw;verce;mathc;6/07/2015;7;2015;Foretrex201;;32417,56;204079,96;;;;;;;;;;;;;
hermimon;c;gompw;verce;mathc;6/07/2015;7;2015;Foretrex201;;32420,45;204084,51;;;;;;;;;;;;;
hermimon;d;gompw;verce;mathc;6/07/2015;7;2015;Foretrex201;;32422,62;204092,00;;;;;;;;;;;;;
hermimon;e;gompw;verce;mathc;6/07/2015;7;2015;Foretrex201;;32422,29;204094,14;;;;;;;;;;;;;
hermimon;d;gompw;verce;mathc;6/07/2015;7;2015;Foretrex201;;32416,91;204098,76;;;;;;;;;;;;;
hermimon;c;gompw;verce;mathc;6/07/2015;7;2015;Foretrex201;;32413,99;204077,73;;;;;;;;;;;;;
hermimon;c;gompw;verce;mathc;6/07/2015;7;2015;Foretrex201;;32420,05;204082,42;;;;;;;;;;;;;
hermimon;c;gompw;verce;mathc;6/07/2015;7;2015;Foretrex201;;32415,84;204092,10;;;;;;;;;;;;;
hermimon;c;gompw;verce;mathc;6/07/2015;7;2015;Foretrex201;;32400,49;204079,29;;;;;;;;;;;;;
hermimon;c;gompw;verce;mathc;6/07/2015;7;2015;Foretrex201;;32405,05;204077,90;;;;;;;;;;;;;
hermimon;b;gompw;mathc;;22/07/2015;7;2015;Foretrex201;;32624,62;203678,28;;;;;;;;;;;;;
hermimon;d;gompw;mathc;;22/07/2015;7;2015;Foretrex201;;32759,39;203671,27;;;;;;;;;;;;;
;;;;;;;;;;;;;;;;;;;;;;;;
;;;;;;;;;;;;;;;;;;;;;;;;
;;;;;;;;;;;;;;;;;;;;;;;;
;;;;;;;;;;;;;;;;;;;;;;;;
;;;;;;;;;;;;;;;;;;;;;;;;
;;;;;;;;;;;;;;;;;;;;;;;;
;;;;;;;;;;;;;;;;;;;;;;;;
;;;;;;;;;;;;;;;;;;;;;;;;
;;;;;;;;;;;;;;;;;;;;;;;;
;;;;;;;;;;;;;;;;;;;;;;;;
;;;;;;;;;;;;;;;;;;;;;;;;
;;;;;;;;;;;;;;;;;;;;;;;;
;;;;;;;;;;;;;;;;;;;;;;;;
;;;;;;;;;;;;;;;;;;;;;;;;
;;;;;;;;;;;;;;;;;;;;;;;;
;;;;;;;;;;;;;;;;;;;;;;;;
;;;;;;;;;;;;;;;;;;;;;;;;
;;;;;;;;;;;;;;;;;;;;;;;;
;;;;;;;;;;;;;;;;;;;;;;;;
;;;;;;;;;;;;;;;;;;;;;;;;
;;;;;;;;;;;;;;;;;;;;;;;;
;;;;;;;;;;;;;;;;;;;;;;;;
;;;;;;;;;;;;;;;;;;;;;;;;
;;;;;;;;;;;;;;;;;;;;;;;;
;;;;;;;;;;;;;;;;;;;;;;;;
;;;;;;;;;;;;;;;;;;;;;;;;
;;;;;;;;;;;;;;;;;;;;;;;;
;;;;;;;;;;;;;;;;;;;;;;;;
;;;;;;;;;;;;;;;;;;;;;;;;
;;;;;;;;;;;;;;;;;;;;;;;;
;;;;;;;;;;;;;;;;;;;;;;;;
;;;;;;;;;;;;;;;;;;;;;;;;
;;;;;;;;;;;;;;;;;;;;;;;;
;;;;;;;;;;;;;;;;;;;;;;;;
;;;;;;;;;;;;;;;;;;;;;;;;
;;;;;;;;;;;;;;;;;;;;;;;;
;;;;;;;;;;;;;;;;;;;;;;;;
;;;;;;;;;;;;;;;;;;;;;;;;
;;;;;;;;;;;;;;;;;;;;;;;;
;;;;;;;;;;;;;;;;;;;;;;;;
;;;;;;;;;;;;;;;;;;;;;;;;
;;;;;;;;;;;;;;;;;;;;;;;;
;;;;;;;;;;;;;;;;;;;;;;;;
;;;;;;;;;;;;;;;;;;;;;;;;
;;;;;;;;;;;;;;;;;;;;;;;;
;;;;;;;;;;;;;;;;;;;;;;;;
;;;;;;;;;;;;;;;;;;;;;;;;
;;;;;;;;;;;;;;;;;;;;;;;;
;;;;;;;;;;;;;;;;;;;;;;;;
;;;;;;;;;;;;;;;;;;;;;;;;
;;;;;;;;;;;;;;;;;;;;;;;;
;;;;;;;;;;;;;;;;;;;;;;;;
;;;;;;;;;;;;;;;;;;;;;;;;
;;;;;;;;;;;;;;;;;;;;;;;;
;;;;;;;;;;;;;;;;;;;;;;;;
;;;;;;;;;;;;;;;;;;;;;;;;
;;;;;;;;;;;;;;;;;;;;;;;;
;;;;;;;;;;;;;;;;;;;;;;;;
;;;;;;;;;;;;;;;;;;;;;;;;
;;;;;;;;;;;;;;;;;;;;;;;;
;;;;;;;;;;;;;;;;;;;;;;;;
;;;;;;;;;;;;;;;;;;;;;;;;
;;;;;;;;;;;;;;;;;;;;;;;;
;;;;;;;;;;;;;;;;;;;;;;;;
;;;;;;;;;;;;;;;;;;;;;;;;
;;;;;;;;;;;;;;;;;;;;;;;;
;;;;;;;;;;;;;;;;;;;;;;;;
;;;;;;;;;;;;;;;;;;;;;;;;
;;;;;;;;;;;;;;;;;;;;;;;;
;;;;;;;;;;;;;;;;;;;;;;;;
;;;;;;;;;;;;;;;;;;;;;;;;
;;;;;;;;;;;;;;;;;;;;;;;;
;;;;;;;;;;;;;;;;;;;;;;;;
;;;;;;;;;;;;;;;;;;;;;;;;
;;;;;;;;;;;;;;;;;;;;;;;;
;;;;;;;;;;;;;;;;;;;;;;;;
;;;;;;;;;;;;;;;;;;;;;;;;
;;;;;;;;;;;;;;;;;;;;;;;;
;;;;;;;;;;;;;;;;;;;;;;;;
;;;;;;;;;;;;;;;;;;;;;;;;
;;;;;;;;;;;;;;;;;;;;;;;;
;;;;;;;;;;;;;;;;;;;;;;;;
;;;;;;;;;;;;;;;;;;;;;;;;
;;;;;;;;;;;;;;;;;;;;;;;;
;;;;;;;;;;;;;;;;;;;;;;;;
;;;;;;;;;;;;;;;;;;;;;;;;
;;;;;;;;;;;;;;;;;;;;;;;;
;;;;;;;;;;;;;;;;;;;;;;;;
;;;;;;;;;;;;;;;;;;;;;;;;
;;;;;;;;;;;;;;;;;;;;;;;;
;;;;;;;;;;;;;;;;;;;;;;;;
;;;;;;;;;;;;;;;;;;;;;;;;
;;;;;;;;;;;;;;;;;;;;;;;;
;;;;;;;;;;;;;;;;;;;;;;;;
;;;;;;;;;;;;;;;;;;;;;;;;
;;;;;;;;;;;;;;;;;;;;;;;;
;;;;;;;;;;;;;;;;;;;;;;;;
;;;;;;;;;;;;;;;;;;;;;;;;
;;;;;;;;;;;;;;;;;;;;;;;;
;;;;;;;;;;;;;;;;;;;;;;;;
;;;;;;;;;;;;;;;;;;;;;;;;
;;;;;;;;;;;;;;;;;;;;;;;;
;;;;;;;;;;;;;;;;;;;;;;;;
;;;;;;;;;;;;;;;;;;;;;;;;
;;;;;;;;;;;;;;;;;;;;;;;;
;;;;;;;;;;;;;;;;;;;;;;;;
;;;;;;;;;;;;;;;;;;;;;;;;
;;;;;;;;;;;;;;;;;;;;;;;;
;;;;;;;;;;;;;;;;;;;;;;;;
;;;;;;;;;;;;;;;;;;;;;;;;
;;;;;;;;;;;;;;;;;;;;;;;;
;;;;;;;;;;;;;;;;;;;;;;;;
;;;;;;;;;;;;;;;;;;;;;;;;
;;;;;;;;;;;;;;;;;;;;;;;;
;;;;;;;;;;;;;;;;;;;;;;;;
;;;;;;;;;;;;;;;;;;;;;;;;
;;;;;;;;;;;;;;;;;;;;;;;;
;;;;;;;;;;;;;;;;;;;;;;;;
;;;;;;;;;;;;;;;;;;;;;;;;
;;;;;;;;;;;;;;;;;;;;;;;;
;;;;;;;;;;;;;;;;;;;;;;;;
;;;;;;;;;;;;;;;;;;;;;;;;
;;;;;;;;;;;;;;;;;;;;;;;;
;;;;;;;;;;;;;;;;;;;;;;;;
;;;;;;;;;;;;;;;;;;;;;;;;
;;;;;;;;;;;;;;;;;;;;;;;;
;;;;;;;;;;;;;;;;;;;;;;;;
;;;;;;;;;;;;;;;;;;;;;;;;
;;;;;;;;;;;;;;;;;;;;;;;;
;;;;;;;;;;;;;;;;;;;;;;;;
;;;;;;;;;;;;;;;;;;;;;;;;
;;;;;;;;;;;;;;;;;;;;;;;;
;;;;;;;;;;;;;;;;;;;;;;;;
;;;;;;;;;;;;;;;;;;;;;;;;
;;;;;;;;;;;;;;;;;;;;;;;;
;;;;;;;;;;;;;;;;;;;;;;;;
;;;;;;;;;;;;;;;;;;;;;;;;
;;;;;;;;;;;;;;;;;;;;;;;;
;;;;;;;;;;;;;;;;;;;;;;;;
;;;;;;;;;;;;;;;;;;;;;;;;
;;;;;;;;;;;;;;;;;;;;;;;;
;;;;;;;;;;;;;;;;;;;;;;;;
;;;;;;;;;;;;;;;;;;;;;;;;
;;;;;;;;;;;;;;;;;;;;;;;;
;;;;;;;;;;;;;;;;;;;;;;;;
;;;;;;;;;;;;;;;;;;;;;;;;
;;;;;;;;;;;;;;;;;;;;;;;;
;;;;;;;;;;;;;;;;;;;;;;;;
;;;;;;;;;;;;;;;;;;;;;;;;
;;;;;;;;;;;;;;;;;;;;;;;;
;;;;;;;;;;;;;;;;;;;;;;;;
;;;;;;;;;;;;;;;;;;;;;;;;
;;;;;;;;;;;;;;;;;;;;;;;;
;;;;;;;;;;;;;;;;;;;;;;;;
;;;;;;;;;;;;;;;;;;;;;;;;
;;;;;;;;;;;;;;;;;;;;;;;;
;;;;;;;;;;;;;;;;;;;;;;;;
;;;;;;;;;;;;;;;;;;;;;;;;
;;;;;;;;;;;;;;;;;;;;;;;;
;;;;;;;;;;;;;;;;;;;;;;;;
;;;;;;;;;;;;;;;;;;;;;;;;
;;;;;;;;;;;;;;;;;;;;;;;;
;;;;;;;;;;;;;;;;;;;;;;;;
;;;;;;;;;;;;;;;;;;;;;;;;
;;;;;;;;;;;;;;;;;;;;;;;;
;;;;;;;;;;;;;;;;;;;;;;;;
;;;;;;;;;;;;;;;;;;;;;;;;
;;;;;;;;;;;;;;;;;;;;;;;;
;;;;;;;;;;;;;;;;;;;;;;;;
;;;;;;;;;;;;;;;;;;;;;;;;
;;;;;;;;;;;;;;;;;;;;;;;;
;;;;;;;;;;;;;;;;;;;;;;;;
;;;;;;;;;;;;;;;;;;;;;;;;
;;;;;;;;;;;;;;;;;;;;;;;;
;;;;;;;;;;;;;;;;;;;;;;;;
;;;;;;;;;;;;;;;;;;;;;;;;
;;;;;;;;;;;;;;;;;;;;;;;;
;;;;;;;;;;;;;;;;;;;;;;;;
;;;;;;;;;;;;;;;;;;;;;;;;
;;;;;;;;;;;;;;;;;;;;;;;;
;;;;;;;;;;;;;;;;;;;;;;;;
;;;;;;;;;;;;;;;;;;;;;;;;
;;;;;;;;;;;;;;;;;;;;;;;;
;;;;;;;;;;;;;;;;;;;;;;;;
;;;;;;;;;;;;;;;;;;;;;;;;
;;;;;;;;;;;;;;;;;;;;;;;;
;;;;;;;;;;;;;;;;;;;;;;;;
;;;;;;;;;;;;;;;;;;;;;;;;
;;;;;;;;;;;;;;;;;;;;;;;;
;;;;;;;;;;;;;;;;;;;;;;;;
;;;;;;;;;;;;;;;;;;;;;;;;
;;;;;;;;;;;;;;;;;;;;;;;;
;;;;;;;;;;;;;;;;;;;;;;;;
;;;;;;;;;;;;;;;;;;;;;;;;
;;;;;;;;;;;;;;;;;;;;;;;;
;;;;;;;;;;;;;;;;;;;;;;;;
;;;;;;;;;;;;;;;;;;;;;;;;
;;;;;;;;;;;;;;;;;;;;;;;;
;;;;;;;;;;;;;;;;;;;;;;;;
;;;;;;;;;;;;;;;;;;;;;;;;
;;;;;;;;;;;;;;;;;;;;;;;;
;;;;;;;;;;;;;;;;;;;;;;;;
;;;;;;;;;;;;;;;;;;;;;;;;
;;;;;;;;;;;;;;;;;;;;;;;;
;;;;;;;;;;;;;;;;;;;;;;;;
;;;;;;;;;;;;;;;;;;;;;;;;
;;;;;;;;;;;;;;;;;;;;;;;;
;;;;;;;;;;;;;;;;;;;;;;;;
;;;;;;;;;;;;;;;;;;;;;;;;
;;;;;;;;;;;;;;;;;;;;;;;;
;;;;;;;;;;;;;;;;;;;;;;;;
;;;;;;;;;;;;;;;;;;;;;;;;
;;;;;;;;;;;;;;;;;;;;;;;;
;;;;;;;;;;;;;;;;;;;;;;;;
;;;;;;;;;;;;;;;;;;;;;;;;
;;;;;;;;;;;;;;;;;;;;;;;;
;;;;;;;;;;;;;;;;;;;;;;;;
;;;;;;;;;;;;;;;;;;;;;;;;
;;;;;;;;;;;;;;;;;;;;;;;;
;;;;;;;;;;;;;;;;;;;;;;;;
;;;;;;;;;;;;;;;;;;;;;;;;
;;;;;;;;;;;;;;;;;;;;;;;;
;;;;;;;;;;;;;;;;;;;;;;;;
;;;;;;;;;;;;;;;;;;;;;;;;
;;;;;;;;;;;;;;;;;;;;;;;;
;;;;;;;;;;;;;;;;;;;;;;;;
;;;;;;;;;;;;;;;;;;;;;;;;
;;;;;;;;;;;;;;;;;;;;;;;;
;;;;;;;;;;;;;;;;;;;;;;;;
;;;;;;;;;;;;;;;;;;;;;;;;
;;;;;;;;;;;;;;;;;;;;;;;;
;;;;;;;;;;;;;;;;;;;;;;;;
;;;;;;;;;;;;;;;;;;;;;;;;
;;;;;;;;;;;;;;;;;;;;;;;;
;;;;;;;;;;;;;;;;;;;;;;;;
;;;;;;;;;;;;;;;;;;;;;;;;
;;;;;;;;;;;;;;;;;;;;;;;;
;;;;;;;;;;;;;;;;;;;;;;;;
;;;;;;;;;;;;;;;;;;;;;;;;
;;;;;;;;;;;;;;;;;;;;;;;;
;;;;;;;;;;;;;;;;;;;;;;;;
;;;;;;;;;;;;;;;;;;;;;;;;
;;;;;;;;;;;;;;;;;;;;;;;;
;;;;;;;;;;;;;;;;;;;;;;;;
;;;;;;;;;;;;;;;;;;;;;;;;
;;;;;;;;;;;;;;;;;;;;;;;;
;;;;;;;;;;;;;;;;;;;;;;;;
