id;naam_nl;naam_lat;speciesid;datum;invoerdatum;aantal;gedrag;kleed;geslacht;wnr_id;wnr;x;y;utm1;ifbl_tag;ifbl_uur;gebied;gemeente;deelgemeente;provincie;typewaarneming;status;embargo_datum;toestemming_wnr;Floron-code;precisie;soortgroep;familie;aanleverdatum;;Meetnet/Nieuw;Protocol
122929985;Bleekgeel blaasjeskruid;Utricularia ochroleuca;2794;1/07/2016;27/08/2016;0;ter plaatse;onbekend;onbekend;82883;Kris Pacquée;193890,781;189456,3552;FS3953;d5-38-22;d5-38;Molenstede - Kraanrijk;Scherpenheuvel-Zichem;Zichem;Vlaams-Brabant;losse waarneming;Onbehandeld;1/01/1980;3;0;100;Planten;Lentibulariaceae;15/11/2016;;M;
121860389;Driekantige bies;Schoenoplectus triqueter;2739;22/07/2016;27/07/2016;1;ter plaatse;onbekend;onbekend;40533;Joost Reyniers;144366,1941;201381,9961;ES9064;c4-54-21;c4-54;Bornem - Scheldeschorren - Schelde - Hingene;Bornem;Hingene;Antwerpen;losse waarneming;Goedgekeurd op basis van bewijsmateriaal;1/01/1980;3;A;10;Planten;Cyperaceae;15/11/2016;;M;
122986039;Driekantige bies;Schoenoplectus triqueter;2739;28/08/2016;28/08/2016;1;ter plaatse;onbekend;onbekend;46976;Robbert Schepers;129921,2547;193344,1996;ES7556;d3-28-22;d3-28;  ;Dendermonde;Grembergen;Oost-Vlaanderen;losse waarneming;Onbehandeld;1/01/1980;3;B;10;Planten;Cyperaceae;15/11/2016;;M;
122986026;Driekantige bies;Schoenoplectus triqueter;2739;28/08/2016;28/08/2016;1;ter plaatse;onbekend;onbekend;46976;Robbert Schepers;119620,4605;189055,8514;ES6551;d3-36-14;d3-36;Schellebelle - Dorp en omgeving;Wichelen;Schellebelle;Oost-Vlaanderen;losse waarneming;Onbehandeld;1/01/1980;3;B;10;Planten;Cyperaceae;15/11/2016;;M;
122983151;Driekantige bies;Schoenoplectus triqueter;2739;28/08/2016;28/08/2016;1;ter plaatse;onbekend;onbekend;46976;Robbert Schepers;122341,9166;189656,6546;ES6852;d3-37-11;d3-37;  ;Wichelen;Wichelen;Oost-Vlaanderen;iObs;Goedgekeurd op basis van bewijsmateriaal;1/01/2007;3;B;10;Planten;Cyperaceae;15/11/2016;;M;
123271829;Driekantige bies;Schoenoplectus triqueter;2739;3/09/2016;3/09/2016;1;ter plaatse;onbekend;onbekend;46976;Robbert Schepers;122777,4279;188334,7397;ES6851;d3-37-13;d3-37;Wichelen - Centrum en omgeving;Wichelen;Wichelen;Oost-Vlaanderen;iObs;Goedgekeurd op basis van bewijsmateriaal;1/01/2007;3;A;10;Planten;Cyperaceae;15/11/2016;;M;
123271822;Driekantige bies;Schoenoplectus triqueter;2739;3/09/2016;3/09/2016;1;ter plaatse;onbekend;onbekend;46976;Robbert Schepers;122618,2491;188471,9793;ES6851;d3-37-13;d3-37;Wichelen - Centrum en omgeving;Wichelen;Wichelen;Oost-Vlaanderen;iObs;Goedgekeurd op basis van bewijsmateriaal;1/01/2007;3;A;5;Planten;Cyperaceae;15/11/2016;;M;
123271823;Driekantige bies;Schoenoplectus triqueter;2739;3/09/2016;3/09/2016;1;ter plaatse;onbekend;onbekend;46976;Robbert Schepers;122686,1099;188414,0211;ES6851;d3-37-13;d3-37;Wichelen - Centrum en omgeving;Wichelen;Wichelen;Oost-Vlaanderen;iObs;Goedgekeurd op basis van bewijsmateriaal;1/01/2007;3;A;10;Planten;Cyperaceae;15/11/2016;;M;
123271824;Driekantige bies;Schoenoplectus triqueter;2739;3/09/2016;3/09/2016;1;ter plaatse;onbekend;onbekend;46976;Robbert Schepers;122737,6943;188368,9321;ES6851;d3-37-13;d3-37;Wichelen - Centrum en omgeving;Wichelen;Wichelen;Oost-Vlaanderen;iObs;Goedgekeurd op basis van bewijsmateriaal;1/01/2007;3;A;10;Planten;Cyperaceae;15/11/2016;;M;
123271825;Driekantige bies;Schoenoplectus triqueter;2739;3/09/2016;3/09/2016;1;ter plaatse;onbekend;onbekend;46976;Robbert Schepers;122750,997;188356,6581;ES6851;d3-37-13;d3-37;Wichelen - Centrum en omgeving;Wichelen;Wichelen;Oost-Vlaanderen;iObs;Goedgekeurd op basis van bewijsmateriaal;1/01/2007;3;A;10;Planten;Cyperaceae;15/11/2016;;M;
123271826;Driekantige bies;Schoenoplectus triqueter;2739;3/09/2016;3/09/2016;1;ter plaatse;onbekend;onbekend;46976;Robbert Schepers;122760,7624;188352,0069;ES6851;d3-37-13;d3-37;Wichelen - Centrum en omgeving;Wichelen;Wichelen;Oost-Vlaanderen;iObs;Goedgekeurd op basis van bewijsmateriaal;1/01/2007;3;A;10;Planten;Cyperaceae;15/11/2016;;M;
123271836;Driekantige bies;Schoenoplectus triqueter;2739;3/09/2016;3/09/2016;1;ter plaatse;onbekend;onbekend;46976;Robbert Schepers;122883,3504;188248,6613;ES6950;d3-37-13;d3-37;Wichelen - Centrum en omgeving;Wichelen;Wichelen;Oost-Vlaanderen;iObs;Goedgekeurd op basis van bewijsmateriaal;1/01/2007;3;A;5;Planten;Cyperaceae;15/11/2016;;M;
123271834;Driekantige bies;Schoenoplectus triqueter;2739;3/09/2016;3/09/2016;1;ter plaatse;onbekend;onbekend;46976;Robbert Schepers;122818,8864;188302,0806;ES6850;d3-37-13;d3-37;Wichelen - Centrum en omgeving;Wichelen;Wichelen;Oost-Vlaanderen;iObs;Goedgekeurd op basis van bewijsmateriaal;1/01/2007;3;A;5;Planten;Cyperaceae;15/11/2016;;M;
123271832;Driekantige bies;Schoenoplectus triqueter;2739;3/09/2016;3/09/2016;1;ter plaatse;onbekend;onbekend;46976;Robbert Schepers;122784,9196;188327,2839;ES6850;d3-37-13;d3-37;Wichelen - Centrum en omgeving;Wichelen;Wichelen;Oost-Vlaanderen;iObs;Goedgekeurd op basis van bewijsmateriaal;1/01/2007;3;A;10;Planten;Cyperaceae;15/11/2016;;M;
123271831;Driekantige bies;Schoenoplectus triqueter;2739;3/09/2016;3/09/2016;1;ter plaatse;onbekend;onbekend;46976;Robbert Schepers;122781,0769;188330,4959;ES6851;d3-37-13;d3-37;Wichelen - Centrum en omgeving;Wichelen;Wichelen;Oost-Vlaanderen;iObs;Goedgekeurd op basis van bewijsmateriaal;1/01/2007;3;A;10;Planten;Cyperaceae;15/11/2016;;M;
123271827;Driekantige bies;Schoenoplectus triqueter;2739;3/09/2016;3/09/2016;1;ter plaatse;onbekend;onbekend;46976;Robbert Schepers;122760,2849;188350,6951;ES6851;d3-37-13;d3-37;Wichelen - Centrum en omgeving;Wichelen;Wichelen;Oost-Vlaanderen;iObs;Goedgekeurd op basis van bewijsmateriaal;1/01/2007;3;A;10;Planten;Cyperaceae;15/11/2016;;M;
123271828;Driekantige bies;Schoenoplectus triqueter;2739;3/09/2016;3/09/2016;1;ter plaatse;onbekend;onbekend;46976;Robbert Schepers;122790,0782;188323,6895;ES6850;d3-37-13;d3-37;Wichelen - Centrum en omgeving;Wichelen;Wichelen;Oost-Vlaanderen;iObs;Goedgekeurd op basis van bewijsmateriaal;1/01/2007;3;A;10;Planten;Cyperaceae;15/11/2016;;M;
123271830;Driekantige bies;Schoenoplectus triqueter;2739;3/09/2016;3/09/2016;1;ter plaatse;onbekend;onbekend;46976;Robbert Schepers;122781,2637;188330,2133;ES6851;d3-37-13;d3-37;Wichelen - Centrum en omgeving;Wichelen;Wichelen;Oost-Vlaanderen;iObs;Goedgekeurd op basis van bewijsmateriaal;1/01/2007;3;A;5;Planten;Cyperaceae;15/11/2016;;M;
123271820;Driekantige bies;Schoenoplectus triqueter;2739;3/09/2016;3/09/2016;1;ter plaatse;onbekend;onbekend;46976;Robbert Schepers;122616,2144;188470,0111;ES6851;d3-37-13;d3-37;Wichelen - Centrum en omgeving;Wichelen;Wichelen;Oost-Vlaanderen;iObs;Goedgekeurd op basis van bewijsmateriaal;1/01/2007;3;A;5;Planten;Cyperaceae;15/11/2016;;M;
123271821;Driekantige bies;Schoenoplectus triqueter;2739;3/09/2016;3/09/2016;1;ter plaatse;onbekend;onbekend;46976;Robbert Schepers;122623,6525;188467,4462;ES6851;d3-37-13;d3-37;Wichelen - Centrum en omgeving;Wichelen;Wichelen;Oost-Vlaanderen;iObs;Goedgekeurd op basis van bewijsmateriaal;1/01/2007;3;A;10;Planten;Cyperaceae;15/11/2016;;M;
123271841;Driekantige bies;Schoenoplectus triqueter;2739;3/09/2016;3/09/2016;1;ter plaatse;onbekend;onbekend;46976;Robbert Schepers;122138,6161;188940,5142;ES6851;d3-37-13;d3-37;Wichelen - Centrum en omgeving;Wichelen;Wichelen;Oost-Vlaanderen;iObs;Goedgekeurd op basis van bewijsmateriaal;1/01/2007;3;B;10;Planten;Cyperaceae;15/11/2016;;M;
123271835;Driekantige bies;Schoenoplectus triqueter;2739;3/09/2016;3/09/2016;1;ter plaatse;onbekend;onbekend;46976;Robbert Schepers;122878,656;188251,0328;ES6950;d3-37-13;d3-37;Wichelen - Centrum en omgeving;Wichelen;Wichelen;Oost-Vlaanderen;iObs;Goedgekeurd op basis van bewijsmateriaal;1/01/2007;3;B;5;Planten;Cyperaceae;15/11/2016;;M;
123271833;Driekantige bies;Schoenoplectus triqueter;2739;3/09/2016;3/09/2016;1;ter plaatse;onbekend;onbekend;46976;Robbert Schepers;122813,4193;188304,8853;ES6850;d3-37-13;d3-37;Wichelen - Centrum en omgeving;Wichelen;Wichelen;Oost-Vlaanderen;iObs;Goedgekeurd op basis van bewijsmateriaal;1/01/2007;3;B;5;Planten;Cyperaceae;15/11/2016;;M;
123271847;Driekantige bies;Schoenoplectus triqueter;2739;3/09/2016;3/09/2016;1;ter plaatse;onbekend;onbekend;46976;Robbert Schepers;122193,7928;188809,2695;ES6851;d3-37-13;d3-37;Wichelen - Centrum en omgeving;Wichelen;Wichelen;Oost-Vlaanderen;iObs;Goedgekeurd op basis van kennisregels;1/01/2007;3;B;5;Planten;Cyperaceae;15/11/2016;;M;
123271842;Driekantige bies;Schoenoplectus triqueter;2739;3/09/2016;3/09/2016;1;ter plaatse;onbekend;onbekend;46976;Robbert Schepers;122140,1808;188939,9441;ES6851;d3-37-13;d3-37;Wichelen - Centrum en omgeving;Wichelen;Wichelen;Oost-Vlaanderen;iObs;Goedgekeurd op basis van bewijsmateriaal;1/01/2007;3;C;10;Planten;Cyperaceae;15/11/2016;;M;
123271838;Driekantige bies;Schoenoplectus triqueter;2739;3/09/2016;3/09/2016;1;ter plaatse;onbekend;onbekend;46976;Robbert Schepers;122146,8344;189040,3497;ES6851;d3-37-13;d3-37;Wichelen - Centrum en omgeving;Wichelen;Wichelen;Oost-Vlaanderen;iObs;Goedgekeurd op basis van bewijsmateriaal;1/01/2007;3;C;5;Planten;Cyperaceae;15/11/2016;;M;
123271846;Driekantige bies;Schoenoplectus triqueter;2739;3/09/2016;3/09/2016;1;ter plaatse;onbekend;onbekend;46976;Robbert Schepers;122190,0948;188815,765;ES6851;d3-37-13;d3-37;Wichelen - Centrum en omgeving;Wichelen;Wichelen;Oost-Vlaanderen;iObs;Goedgekeurd op basis van kennisregels;1/01/2007;3;C;10;Planten;Cyperaceae;15/11/2016;;M;
123271843;Driekantige bies;Schoenoplectus triqueter;2739;3/09/2016;3/09/2016;1;ter plaatse;onbekend;onbekend;46976;Robbert Schepers;122159,3352;188872,2527;ES6851;d3-37-13;d3-37;Wichelen - Centrum en omgeving;Wichelen;Wichelen;Oost-Vlaanderen;iObs;Goedgekeurd op basis van kennisregels;1/01/2007;3;E;5;Planten;Cyperaceae;15/11/2016;;M;
123271839;Driekantige bies;Schoenoplectus triqueter;2739;3/09/2016;3/09/2016;1;ter plaatse;onbekend;onbekend;46976;Robbert Schepers;122139,6436;188991,9498;ES6851;d3-37-13;d3-37;Wichelen - Centrum en omgeving;Wichelen;Wichelen;Oost-Vlaanderen;iObs;Goedgekeurd op basis van bewijsmateriaal;1/01/2007;3;E;10;Planten;Cyperaceae;15/11/2016;;M;
122983147;Driekantige bies;Schoenoplectus triqueter;2739;28/08/2016;28/08/2016;1;ter plaatse;onbekend;onbekend;46976;Robbert Schepers;124568,119;188395,4635;ES7051;d3-37-23;d3-37;Berlare - Scheldebroeken;Berlare;Berlare;Oost-Vlaanderen;iObs;Goedgekeurd op basis van bewijsmateriaal;1/01/2007;3;B;10;Planten;Cyperaceae;15/11/2016;;M;
122983150;Driekantige bies;Schoenoplectus triqueter;2739;28/08/2016;28/08/2016;1;ter plaatse;onbekend;onbekend;46976;Robbert Schepers;124265,1594;188372,6244;ES7051;d3-37-23;d3-37;Berlare - Scheldebroeken;Berlare;Berlare;Oost-Vlaanderen;iObs;Goedgekeurd op basis van bewijsmateriaal;1/01/2007;3;C;10;Planten;Cyperaceae;15/11/2016;;M;
122849597;Driekantige bies;Schoenoplectus triqueter;2739;22/08/2016;25/08/2016;0;ter plaatse;onbekend;onbekend;40004;Roosmarijn Steeman;137182,3553;194429,2835;ES8357;d4-12-44;d4-12;  ;Hamme;Moerzeke;Oost-Vlaanderen;losse waarneming;Onbehandeld;1/01/1980;3;0;10;Planten;Cyperaceae;15/11/2016;;M;
122755490;Driekantige bies;Schoenoplectus triqueter;2739;22/08/2016;22/08/2016;1;ter plaatse;onbekend;onbekend;40004;Roosmarijn Steeman;130542,8995;192623,7507;ES7655;d4-21-13;d4-21;Appels - Sint-Onolfspolder - Meerdam-Oost;Dendermonde;Dendermonde;Oost-Vlaanderen;ObsMapp;Onbehandeld;1/01/2007;3;B;25;Planten;Cyperaceae;15/11/2016;;M;
122750454;Driekantige bies;Schoenoplectus triqueter;2739;22/08/2016;22/08/2016;1;ter plaatse;onbekend;onbekend;46976;Robbert Schepers;130548,8648;192617,344;ES7655;d4-21-13;d4-21;Appels - Sint-Onolfspolder - Meerdam-Oost;Dendermonde;Dendermonde;Oost-Vlaanderen;iObs;Onbehandeld;1/01/2007;3;B;5;Planten;Cyperaceae;15/11/2016;;M;
123321308;Fijn goudscherm;Bupleurum tenuissimum;2378;5/09/2016;5/09/2016;1;ter plaatse;onbekend;onbekend;40064;Thomas Gyselinck;79312,15548;228164,117;ES2490;b2-34-32;b2-34;Knokke - Het Zwin - Zwinvlakte - België (Z);Knokke-Heist;Knokke;West-Vlaanderen;ObsMapp;Goedgekeurd op basis van kennisregels;1/01/2007;1;C;25;Planten;Apiaceae;15/11/2016;;M;
119062789;Grote bremraap;Orobanche rapum-genistae;2662;21/05/2016;22/05/2016;14;ter plaatse;onbekend;onbekend;65185;Erwin Derous;64516,38549;207925,8485;ES1069;c1-38-41;c1-38;Sint-Andries - Beisbroek (BB);Brugge;Sint-Andries;West-Vlaanderen;losse waarneming;Goedgekeurd op basis van kennisregels;1/01/1980;3;C;10;Planten;Orobanchaceae;15/11/2016;;M;
115508848;Grote bremraap;Orobanche rapum-genistae;2662;18/03/2016;18/03/2016;101;ter plaatse;onbekend;onbekend;69371;Pierre Van Vooren;87408,50049;210921,1403;ES3372;c2-26-34;c2-26;Maldegem - Broekhuize - Warme Straat (6120A);Maldegem;Adegem;Oost-Vlaanderen;losse waarneming;Goedgekeurd op basis van bewijsmateriaal;1/01/1980;3;E;10;Planten;Orobanchaceae;15/11/2016;;M;
120441716;Grote bremraap;Orobanche rapum-genistae;2662;26/06/2016;27/06/2016;1;ter plaatse;onbekend;onbekend;41023;chris bruggeman;87417,44615;210915,3075;ES3372;c2-26-34;c2-26;Maldegem - Broekhuize - Warme Straat (6120A);Maldegem;Adegem;Oost-Vlaanderen;ObsMapp;Goedgekeurd op basis van bewijsmateriaal;1/01/2007;3;E;25;Planten;Orobanchaceae;15/11/2016;;M;
120441718;Grote bremraap;Orobanche rapum-genistae;2662;26/06/2016;27/06/2016;2;ter plaatse;onbekend;onbekend;41023;chris bruggeman;87417,53337;210951,3596;ES3372;c2-26-34;c2-26;Maldegem - Broekhuize - Warme Straat (6120A);Maldegem;Adegem;Oost-Vlaanderen;ObsMapp;Goedgekeurd op basis van kennisregels;1/01/2007;3;E;25;Planten;Orobanchaceae;15/11/2016;;M;
120441719;Grote bremraap;Orobanche rapum-genistae;2662;26/06/2016;27/06/2016;1;ter plaatse;onbekend;onbekend;41023;chris bruggeman;87387,13973;210933,6188;ES3372;c2-26-34;c2-26;Maldegem - Broekhuize - Warme Straat (6120A);Maldegem;Adegem;Oost-Vlaanderen;ObsMapp;Goedgekeurd op basis van kennisregels;1/01/2007;3;E;25;Planten;Orobanchaceae;15/11/2016;;M;
120441720;Grote bremraap;Orobanche rapum-genistae;2662;26/06/2016;27/06/2016;2;ter plaatse;onbekend;onbekend;41023;chris bruggeman;87393,8761;210920,2806;ES3372;c2-26-34;c2-26;Maldegem - Broekhuize - Warme Straat (6120A);Maldegem;Adegem;Oost-Vlaanderen;ObsMapp;Goedgekeurd op basis van kennisregels;1/01/2007;3;E;25;Planten;Orobanchaceae;15/11/2016;;M;
124630181;Grote bremraap;Orobanche rapum-genistae;2662;11/10/2016;17/10/2016;3;ter plaatse;onbekend;onbekend;41023;chris bruggeman;96050,64661;208421,1078;ES4170;c2-38-23;c2-38;Eeklo - Koudekeuken - Schaapsdreef (4190B);Eeklo;Eeklo;Oost-Vlaanderen;ObsMapp;Goedgekeurd op basis van kennisregels;1/01/2007;3;B;25;Planten;Orobanchaceae;15/11/2016;;M;
120485033;Grote bremraap;Orobanche rapum-genistae;2662;28/06/2016;29/06/2016;5;ter plaatse;onbekend;onbekend;41023;chris bruggeman;87124,17627;199838,5073;ES3361;c2-56-32;c2-56;Aalterbrug - Kanaal Gent-Brugge Aalter (6240F);Aalter;Aalter;Oost-Vlaanderen;ObsMapp;Goedgekeurd op basis van kennisregels;1/01/2007;3;B;25;Planten;Orobanchaceae;15/11/2016;;M;
120485044;Grote bremraap;Orobanche rapum-genistae;2662;28/06/2016;29/06/2016;9;ter plaatse;onbekend;onbekend;41023;chris bruggeman;87085,81909;199854,1662;ES3361;c2-56-32;c2-56;Aalterbrug - Kanaal Gent-Brugge Aalter (6240F);Aalter;Aalter;Oost-Vlaanderen;ObsMapp;Goedgekeurd op basis van kennisregels;1/01/2007;3;C;25;Planten;Orobanchaceae;15/11/2016;;M;
120485030;Grote bremraap;Orobanche rapum-genistae;2662;28/06/2016;29/06/2016;11;ter plaatse;onbekend;onbekend;41023;chris bruggeman;87134,70595;199828,3491;ES3361;c2-56-32;c2-56;Aalterbrug - Kanaal Gent-Brugge Aalter (6240F);Aalter;Aalter;Oost-Vlaanderen;ObsMapp;Goedgekeurd op basis van kennisregels;1/01/2007;3;C;25;Planten;Orobanchaceae;15/11/2016;;M;
120485029;Grote bremraap;Orobanche rapum-genistae;2662;28/06/2016;29/06/2016;8;ter plaatse;onbekend;onbekend;41023;chris bruggeman;87134,70595;199828,3491;ES3361;c2-56-32;c2-56;Aalterbrug - Kanaal Gent-Brugge Aalter (6240F);Aalter;Aalter;Oost-Vlaanderen;ObsMapp;Goedgekeurd op basis van kennisregels;1/01/2007;3;C;25;Planten;Orobanchaceae;15/11/2016;;M;
120485028;Grote bremraap;Orobanche rapum-genistae;2662;28/06/2016;29/06/2016;7;ter plaatse;onbekend;onbekend;41023;chris bruggeman;87134,70595;199828,3491;ES3361;c2-56-32;c2-56;Aalterbrug - Kanaal Gent-Brugge Aalter (6240F);Aalter;Aalter;Oost-Vlaanderen;ObsMapp;Goedgekeurd op basis van kennisregels;1/01/2007;3;C;25;Planten;Orobanchaceae;15/11/2016;;M;
124319803;Grote bremraap;Orobanche rapum-genistae;2662;8/07/2016;7/10/2016;4;ter plaatse;onbekend;onbekend;41459;Guy Laurijssens;169787,4419;215229,7296;FS1578;c5-12-42;c5-12;  ;Zoersel;Halle;Antwerpen;losse waarneming;Goedgekeurd op basis van kennisregels;1/01/1980;3;B;10;Planten;Orobanchaceae;15/11/2016;;M;
122636091;Grote bremraap;Orobanche rapum-genistae;2662;17/08/2016;18/08/2016;3;ter plaatse;onbekend;onbekend;41459;Guy Laurijssens;169710,7287;215248,3294;FS1578;c5-12-42;c5-12;  ;Zoersel;Halle;Antwerpen;ObsMapp;Goedgekeurd op basis van kennisregels;1/01/2007;3;B;25;Planten;Orobanchaceae;15/11/2016;;M;
122636087;Grote bremraap;Orobanche rapum-genistae;2662;17/08/2016;18/08/2016;2;ter plaatse;onbekend;onbekend;41459;Guy Laurijssens;169785,9751;215231,6245;FS1578;c5-12-42;c5-12;  ;Zoersel;Halle;Antwerpen;ObsMapp;Goedgekeurd op basis van kennisregels;1/01/2007;3;B;25;Planten;Orobanchaceae;15/11/2016;;M;
124319805;Grote bremraap;Orobanche rapum-genistae;2662;8/07/2016;7/10/2016;7;ter plaatse;onbekend;onbekend;41459;Guy Laurijssens;169715,0832;215246,6387;FS1578;c5-12-42;c5-12;  ;Zoersel;Halle;Antwerpen;losse waarneming;Goedgekeurd op basis van kennisregels;1/01/1980;3;C;10;Planten;Orobanchaceae;15/11/2016;;M;
124424046;Grote bremraap;Orobanche rapum-genistae;2662;8/07/2016;10/10/2016;0;ter plaatse;onbekend;onbekend;41459;Guy Laurijssens;169794,2759;215141,5807;FS1578;c5-12-44;c5-12;  ;Zoersel;Halle;Antwerpen;losse waarneming;Goedgekeurd op basis van kennisregels;1/01/1980;3;0;10;Planten;Orobanchaceae;15/11/2016;;M;
124424100;Grote bremraap;Orobanche rapum-genistae;2662;8/07/2016;10/10/2016;0;ter plaatse;onbekend;onbekend;41459;Guy Laurijssens;167288,5441;212822,4844;FS1276;c5-22-14;c5-22;Oelegem - Fort;Ranst;Oelegem;Antwerpen;losse waarneming;Onbehandeld;1/01/1980;3;0;100;Planten;Orobanchaceae;15/11/2016;;M;
122061315;Grote bremraap;Orobanche rapum-genistae;2662;20/07/2016;2/08/2016;0;ter plaatse;onbekend;onbekend;55239;Kristine Wuyts;176013,2494;211380,4885;FS2175;c5-24-32;c5-24;Vorselaar - Lovenhoek;Vorselaar;Vorselaar;Antwerpen;losse waarneming;Onbehandeld;1/01/1980;3;0;10;Planten;Orobanchaceae;15/11/2016;;M;
122060890;Grote bremraap;Orobanche rapum-genistae;2662;14/06/2016;2/08/2016;0;ter plaatse;onbekend;onbekend;55239;Kristine Wuyts;168628,3501;206462,1605;FS1469;c5-32-43;c5-32;Kleine Netevallei - Vogelzang;Nijlen;Nijlen;Antwerpen;losse waarneming;Onbehandeld;1/01/1980;3;0;10;Planten;Orobanchaceae;15/11/2016;;M;
119980845;Grote bremraap;Orobanche rapum-genistae;2662;14/06/2016;14/06/2016;8;ter plaatse;onbekend;onbekend;55239;Kristine Wuyts;173100,8874;204493,0894;FS1868;c5-43-24;c5-43;  ;Nijlen;Nijlen;Antwerpen;losse waarneming;Goedgekeurd op basis van bewijsmateriaal;1/01/1980;3;C;10;Planten;Orobanchaceae;15/11/2016;;M;
118353288;Grote bremraap;Orobanche rapum-genistae;2662;11/05/2016;11/05/2016;0;ter plaatse;onbekend;onbekend;57117;Ria De Nève;193332,1529;192816,7644;FS3956;d5-28-24;d5-28;Averbode Bos en Heide;Laakdal;Veerle;Antwerpen;ObsMapp;Goedgekeurd op basis van bewijsmateriaal;1/01/2007;3;0;25;Planten;Orobanchaceae;15/11/2016;;M;
122074436;Grote bremraap;Orobanche rapum-genistae;2662;4/06/2016;2/08/2016;0;ter plaatse;onbekend;onbekend;70242;Frederic Gabrys;190530,3416;182414,1852;FS3646;d5-48-33;d5-48;Bekkevoort - Ossenberg;Bekkevoort;Bekkevoort;Vlaams-Brabant;losse waarneming;Onbehandeld;1/01/1980;3;0;789;Planten;Orobanchaceae;15/11/2016;;M;
119547457;Grote bremraap;Orobanche rapum-genistae;2662;4/06/2016;4/06/2016;2;ter plaatse;bloeiend;onbekend;70242;Frederic Gabrys;191557,2855;182183,0855;FS3746;d5-48-34;d5-48;  ;Bekkevoort;Bekkevoort;Vlaams-Brabant;ObsMapp;Goedgekeurd op basis van bewijsmateriaal;1/01/2007;3;B;25;Planten;Orobanchaceae;15/11/2016;;M;
119547460;Grote bremraap;Orobanche rapum-genistae;2662;4/06/2016;4/06/2016;10;ter plaatse;onbekend;onbekend;70242;Frederic Gabrys;191680,2786;182195,783;FS3746;d5-48-34;d5-48;  ;Bekkevoort;Bekkevoort;Vlaams-Brabant;ObsMapp;Goedgekeurd op basis van bewijsmateriaal;1/01/2007;3;C;25;Planten;Orobanchaceae;15/11/2016;;M;
116753701;Grote bremraap;Orobanche rapum-genistae;2662;20/04/2016;20/04/2016;1;ter plaatse;bovengronds afgestorven;onbekend;70242;Frederic Gabrys;195309,3254;183463,1564;FS4147;d6-41-32;d6-41;Assent - Luienberg;Bekkevoort;Assent;Vlaams-Brabant;ObsMapp;Goedgekeurd op basis van bewijsmateriaal;1/01/2007;3;A;25;Planten;Orobanchaceae;15/11/2016;;M;
119206761;Grote bremraap;Orobanche rapum-genistae;2662;26/05/2016;26/05/2016;1;ter plaatse;onbekend;onbekend;70242;Frederic Gabrys;195314,0331;183474,2905;FS4147;d6-41-32;d6-41;Assent - Luienberg;Bekkevoort;Assent;Vlaams-Brabant;ObsMapp;Goedgekeurd op basis van bewijsmateriaal;1/01/2007;3;A;25;Planten;Orobanchaceae;15/11/2016;;M;
119210072;Grote bremraap;Orobanche rapum-genistae;2662;26/05/2016;26/05/2016;1;ter plaatse;onbekend;onbekend;82883;Kris Pacquée;195314,4261;183473,8962;FS4147;d6-41-32;d6-41;Assent - Luienberg;Bekkevoort;Assent;Vlaams-Brabant;WinObs;Goedgekeurd op basis van kennisregels;1/01/2007;3;A;25;Planten;Orobanchaceae;15/11/2016;;M;
119401829;Grote bremraap;Orobanche rapum-genistae;2662;31/05/2016;31/05/2016;1;ter plaatse;bloeiend;onbekend;20786;Jens D'Haeseleer;195312,7187;183457,7117;FS4147;d6-41-32;d6-41;Assent - Luienberg;Bekkevoort;Assent;Vlaams-Brabant;ObsMapp;Goedgekeurd op basis van bewijsmateriaal;1/01/2007;3;A;25;Planten;Orobanchaceae;15/11/2016;;M;
119206757;Grote bremraap;Orobanche rapum-genistae;2662;26/05/2016;26/05/2016;3;ter plaatse;onbekend;onbekend;70242;Frederic Gabrys;195319,3867;183463,1526;FS4147;d6-41-32;d6-41;Assent - Luienberg;Bekkevoort;Assent;Vlaams-Brabant;ObsMapp;Goedgekeurd op basis van kennisregels;1/01/2007;3;B;25;Planten;Orobanchaceae;15/11/2016;;M;
119206760;Grote bremraap;Orobanche rapum-genistae;2662;26/05/2016;26/05/2016;5;ter plaatse;onbekend;onbekend;70242;Frederic Gabrys;195308,8634;183472,4634;FS4147;d6-41-32;d6-41;Assent - Luienberg;Bekkevoort;Assent;Vlaams-Brabant;ObsMapp;Goedgekeurd op basis van kennisregels;1/01/2007;3;B;25;Planten;Orobanchaceae;15/11/2016;;M;
119210073;Grote bremraap;Orobanche rapum-genistae;2662;26/05/2016;26/05/2016;5;ter plaatse;onbekend;onbekend;82883;Kris Pacquée;195310,0833;183471,49;FS4147;d6-41-32;d6-41;Assent - Luienberg;Bekkevoort;Assent;Vlaams-Brabant;WinObs;Goedgekeurd op basis van kennisregels;1/01/2007;3;B;25;Planten;Orobanchaceae;15/11/2016;;M;
119210074;Grote bremraap;Orobanche rapum-genistae;2662;26/05/2016;26/05/2016;3;ter plaatse;onbekend;onbekend;82883;Kris Pacquée;195310,6512;183467,8116;FS4147;d6-41-32;d6-41;Assent - Luienberg;Bekkevoort;Assent;Vlaams-Brabant;WinObs;Goedgekeurd op basis van kennisregels;1/01/2007;3;B;25;Planten;Orobanchaceae;15/11/2016;;M;
119206756;Grote bremraap;Orobanche rapum-genistae;2662;26/05/2016;26/05/2016;23;ter plaatse;onbekend;onbekend;70242;Frederic Gabrys;195322,2748;183463,2743;FS4147;d6-41-32;d6-41;Assent - Luienberg;Bekkevoort;Assent;Vlaams-Brabant;ObsMapp;Goedgekeurd op basis van bewijsmateriaal;1/01/2007;3;C;25;Planten;Orobanchaceae;15/11/2016;;M;
119206758;Grote bremraap;Orobanche rapum-genistae;2662;26/05/2016;26/05/2016;8;ter plaatse;onbekend;onbekend;70242;Frederic Gabrys;195316,8389;183470,1137;FS4147;d6-41-32;d6-41;Assent - Luienberg;Bekkevoort;Assent;Vlaams-Brabant;ObsMapp;Goedgekeurd op basis van kennisregels;1/01/2007;3;C;25;Planten;Orobanchaceae;15/11/2016;;M;
119206759;Grote bremraap;Orobanche rapum-genistae;2662;26/05/2016;26/05/2016;25;ter plaatse;onbekend;onbekend;70242;Frederic Gabrys;195310,4012;183468,288;FS4147;d6-41-32;d6-41;Assent - Luienberg;Bekkevoort;Assent;Vlaams-Brabant;ObsMapp;Goedgekeurd op basis van kennisregels;1/01/2007;3;C;25;Planten;Orobanchaceae;15/11/2016;;M;
119210075;Grote bremraap;Orobanche rapum-genistae;2662;26/05/2016;26/05/2016;25;ter plaatse;onbekend;onbekend;82883;Kris Pacquée;195309,5619;183468,4642;FS4147;d6-41-32;d6-41;Assent - Luienberg;Bekkevoort;Assent;Vlaams-Brabant;WinObs;Goedgekeurd op basis van kennisregels;1/01/2007;3;C;25;Planten;Orobanchaceae;15/11/2016;;M;
119210076;Grote bremraap;Orobanche rapum-genistae;2662;26/05/2016;26/05/2016;8;ter plaatse;onbekend;onbekend;82883;Kris Pacquée;195312,9701;183470,0045;FS4147;d6-41-32;d6-41;Assent - Luienberg;Bekkevoort;Assent;Vlaams-Brabant;WinObs;Goedgekeurd op basis van bewijsmateriaal;1/01/2007;3;C;25;Planten;Orobanchaceae;15/11/2016;;M;
119210077;Grote bremraap;Orobanche rapum-genistae;2662;26/05/2016;26/05/2016;23;ter plaatse;onbekend;onbekend;82883;Kris Pacquée;195314,7713;183469,4234;FS4147;d6-41-32;d6-41;Assent - Luienberg;Bekkevoort;Assent;Vlaams-Brabant;WinObs;Goedgekeurd op basis van kennisregels;1/01/2007;3;C;25;Planten;Orobanchaceae;15/11/2016;;M;
119472879;Grote bremraap;Orobanche rapum-genistae;2662;31/05/2016;2/06/2016;1;ter plaatse;onbekend;onbekend;57117;Ria De Nève;195312,8943;183458,839;FS4147;d6-41-32;d6-41;Assent - Luienberg;Bekkevoort;Assent;Vlaams-Brabant;ObsMapp;Goedgekeurd op basis van kennisregels;1/01/2007;3;E;25;Planten;Orobanchaceae;15/11/2016;;M;
119306728;Grote bremraap;Orobanche rapum-genistae;2662;25/05/2016;28/05/2016;0;ter plaatse;onbekend;onbekend;44902;Jp Nijns;198048,8928;184675,9367;FS4448;d6-42-13;d6-42;Diest - Kloosterberg;Diest;Webbekom;Vlaams-Brabant;losse waarneming;Onbehandeld;1/01/1980;3;0;615;Planten;Orobanchaceae;15/11/2016;;M;
117891992;Harlekijn;Anacamptis morio;2653;3/05/2016;3/05/2016;1;ter plaatse;onbekend;onbekend;40608;Wouter Van Landuyt;33508,32816;204418,8936;DS7965;c0-48-24;c0-48;Oostduinkerke - Karthuizerduinen;Koksijde;Oostduinkerke;West-Vlaanderen;ObsMapp;Goedgekeurd op basis van bewijsmateriaal;1/01/2007;3;A;25;Planten;Orchidaceae;15/11/2016;;M;
118037819;Harlekijn;Anacamptis morio;2653;5/05/2016;6/05/2016;23;ter plaatse;onbekend;onbekend;70260;Luc Vervoort;186192,5154;186578,0352;FS3250;d5-37-33;d5-37;Rillaar - Rommelaar;Aarschot;Rillaar;Vlaams-Brabant;losse waarneming;Goedgekeurd op basis van kennisregels;1/01/1980;3;C;10;Planten;Orchidaceae;15/11/2016;;M;
120299446;Kleine schorseneer;Scorzonera humilis;2742;7/06/2016;23/06/2016;35;ter plaatse;bloeiend;onbekend;70260;Luc Vervoort;179996,8312;184939,6024;FS2648;d5-45-14;d5-45;Betekom - Vorsdonkbos;Aarschot;Gelrode;Vlaams-Brabant;losse waarneming;Goedgekeurd op basis van bewijsmateriaal;30/06/2025;3;D;10;Planten;Asteraceae;15/11/2016;;M;
118956300;Kleine schorseneer;Scorzonera humilis;2742;20/05/2016;20/05/2016;1;ter plaatse;onbekend;onbekend;48170;Ramaekers Jos;225131,377;178533,4746;FS7143;d6-58-44;d6-58;Diepenbeek - Dorpsbemden West;Diepenbeek;Diepenbeek;Limburg;ObsMapp;Goedgekeurd op basis van kennisregels;1/01/2007;3;A;25;Planten;Asteraceae;15/11/2016;;M;
118956342;Kleine schorseneer;Scorzonera humilis;2742;20/05/2016;20/05/2016;1;ter plaatse;onbekend;onbekend;48170;Ramaekers Jos;225075,8594;178585,9781;FS7143;d6-58-44;d6-58;Diepenbeek - Dorpsbemden West;Diepenbeek;Diepenbeek;Limburg;ObsMapp;Goedgekeurd op basis van bewijsmateriaal;1/01/2007;3;A;25;Planten;Asteraceae;15/11/2016;;M;
118956337;Kleine schorseneer;Scorzonera humilis;2742;20/05/2016;20/05/2016;50;ter plaatse;onbekend;onbekend;48170;Ramaekers Jos;225065,9459;178586,4616;FS7143;d6-58-44;d6-58;Diepenbeek - Dorpsbemden West;Diepenbeek;Diepenbeek;Limburg;ObsMapp;Goedgekeurd op basis van bewijsmateriaal;1/01/2007;3;D;25;Planten;Asteraceae;15/11/2016;;M;
118956329;Kleine schorseneer;Scorzonera humilis;2742;20/05/2016;20/05/2016;35;ter plaatse;onbekend;onbekend;48170;Ramaekers Jos;225098,2899;178534,1731;FS7143;d6-58-44;d6-58;Diepenbeek - Dorpsbemden West;Diepenbeek;Diepenbeek;Limburg;ObsMapp;Goedgekeurd op basis van kennisregels;1/01/2007;3;D;25;Planten;Asteraceae;15/11/2016;;M;
118956308;Kleine schorseneer;Scorzonera humilis;2742;20/05/2016;20/05/2016;40;ter plaatse;onbekend;onbekend;48170;Ramaekers Jos;225157,8075;178568,7903;FS7143;d6-58-44;d6-58;Diepenbeek - Dorpsbemden West;Diepenbeek;Diepenbeek;Limburg;ObsMapp;Goedgekeurd op basis van kennisregels;1/01/2007;3;D;25;Planten;Asteraceae;15/11/2016;;M;
118956340;Kleine schorseneer;Scorzonera humilis;2742;20/05/2016;20/05/2016;60;ter plaatse;onbekend;onbekend;48170;Ramaekers Jos;225078,4383;178584,9121;FS7143;d6-58-44;d6-58;Diepenbeek - Dorpsbemden West;Diepenbeek;Diepenbeek;Limburg;ObsMapp;Goedgekeurd op basis van bewijsmateriaal;1/01/2007;3;E;25;Planten;Asteraceae;15/11/2016;;M;
118956334;Kleine schorseneer;Scorzonera humilis;2742;20/05/2016;20/05/2016;70;ter plaatse;onbekend;onbekend;48170;Ramaekers Jos;225083,1166;178560,0272;FS7143;d6-58-44;d6-58;Diepenbeek - Dorpsbemden West;Diepenbeek;Diepenbeek;Limburg;ObsMapp;Goedgekeurd op basis van bewijsmateriaal;1/01/2007;3;E;25;Planten;Asteraceae;15/11/2016;;M;
118956328;Kleine schorseneer;Scorzonera humilis;2742;20/05/2016;20/05/2016;240;ter plaatse;onbekend;onbekend;48170;Ramaekers Jos;225112,7276;178520,6321;FS7143;d6-58-44;d6-58;Diepenbeek - Dorpsbemden West;Diepenbeek;Diepenbeek;Limburg;ObsMapp;Goedgekeurd op basis van bewijsmateriaal;1/01/2007;3;E;25;Planten;Asteraceae;15/11/2016;;M;
125914602;Kleine wolfsklauw;Diphasiastrum tristachyum;409332;8/09/2016;28/10/2016;1;ter plaatse;onbekend;onbekend;96691;Joseph Gorissen ;238363,9743;186863,8727;FS8451;d7-34-33;d7-34;Maasmechelen - Mechelse Heide - Beschermde zone;Maasmechelen;Mechelen-aan-de-Maas;Limburg;losse waarneming;Goedgekeurd op basis van kennisregels;1/01/1980;3;A;100;Planten;Lycopodiaceae;26/01/2017;;M;
125914591;Kleine wolfsklauw;Diphasiastrum tristachyum;409332;8/09/2016;28/10/2016;1;ter plaatse;onbekend;onbekend;96691;Joseph Gorissen ;238100,5961;186175,539;FS8450;d7-34-33;d7-34;Maasmechelen - Mechelse Heide - Beschermde zone;Maasmechelen;Mechelen-aan-de-Maas;Limburg;losse waarneming;Goedgekeurd op basis van kennisregels;1/01/1980;3;E;10;Planten;Lycopodiaceae;26/01/2017;;M;
124471039;Klimopklokje;Wahlenbergia hederacea;2812;28/08/2016;12/10/2016;0;ter plaatse;onbekend;onbekend;40763;werner van hove;182649,4671;218358,7541;FS2882;b5-56-33;b5-56;Lille - Gemeentebossen;Lille;Lille;Antwerpen;losse waarneming;Onbehandeld;1/01/1980;3;0;10;Planten;Campanulaceae;15/11/2016;;M;
124471030;Klimopklokje;Wahlenbergia hederacea;2812;28/08/2016;12/10/2016;0;ter plaatse;onbekend;onbekend;40763;werner van hove;179714,593;215442,965;FS2579;c5-15-32;c5-15;Lille - Kindernouwbeekvallei - Zulven;Lille;Wechelderzande;Antwerpen;losse waarneming;Goedgekeurd op basis van kennisregels;1/01/1980;3;0;10;Planten;Campanulaceae;15/11/2016;;M;
120309173;Klimopklokje;Wahlenbergia hederacea;2812;23/06/2016;23/06/2016;1;ter plaatse;onbekend;onbekend;40004;Roosmarijn Steeman;180246,7164;215970,4432;FS2579;c5-15-41;c5-15;Lille - Kindernouwbeekvallei - Den Eurst;Lille;Wechelderzande;Antwerpen;ObsMapp;Goedgekeurd op basis van kennisregels;1/01/2007;3;C;25;Planten;Campanulaceae;15/11/2016;;M;
123222114;Klimopklokje;Wahlenbergia hederacea;2812;2/09/2016;2/09/2016;0;ter plaatse;onbekend;onbekend;57779;andre vanhoof;206727,6162;212240,2698;FS5276;c6-24-13;c6-24;Mol - Buitengoor;Mol;Mol;Antwerpen;losse waarneming;Onbehandeld;1/01/1980;3;0;100;Planten;Campanulaceae;15/11/2016;;M;
120294684;Klimopklokje;Wahlenbergia hederacea;2812;23/06/2016;23/06/2016;101;ter plaatse;bloeiend;onbekend;40372;Vic Van Dyck;191717,3441;196543,5219;FS3760;d5-18-14;d5-18;Veerle - Watereinde/Steenrotsen Varendonk - Watereinde;Laakdal;Varendonk;Antwerpen;losse waarneming;Goedgekeurd op basis van bewijsmateriaal;1/01/1980;3;E;10;Planten;Campanulaceae;15/11/2016;;M;
122502339;Koprus;Juncus capitatus;2581;18/07/2016;15/08/2016;0;ter plaatse;onbekend;onbekend;82883;Kris Pacquée;196801,0942;189676,047;FS4253;d6-31-21;d6-31;Molenstede - Zandgroeve;Diest;Molenstede;Vlaams-Brabant;losse waarneming;Goedgekeurd op basis van kennisregels;1/01/1980;3;0;100;Planten;Juncaceae;15/11/2016;;M;
122502272;Koprus;Juncus capitatus;2581;18/07/2016;15/08/2016;0;ter plaatse;onbekend;onbekend;82883;Kris Pacquée;196926,4167;189805,3379;FS4353;d6-31-21;d6-31;Vallei van de Drie Beken - Asdonk;Diest;Molenstede;Vlaams-Brabant;losse waarneming;Goedgekeurd op basis van kennisregels;1/01/1980;3;0;100;Planten;Juncaceae;15/11/2016;;M;
120349936;Koprus;Juncus capitatus;2581;24/06/2016;25/06/2016;7;ter plaatse;onbekend;onbekend;82883;Kris Pacquée;197254,1216;189890,3063;FS4353;d6-31-22;d6-31;Molenstede - Dassenaarde;Diest;Molenstede;Vlaams-Brabant;WinObs;Goedgekeurd op basis van expertoordeel;1/01/2007;3;C;25;Planten;Juncaceae;15/11/2016;;M;
120349937;Koprus;Juncus capitatus;2581;24/06/2016;25/06/2016;20;ter plaatse;onbekend;onbekend;82883;Kris Pacquée;197198,3572;189831,1277;FS4353;d6-31-22;d6-31;Molenstede - Dassenaarde;Diest;Molenstede;Vlaams-Brabant;WinObs;Goedgekeurd op basis van expertoordeel;1/01/2007;3;C;25;Planten;Juncaceae;15/11/2016;;M;
120349935;Koprus;Juncus capitatus;2581;24/06/2016;25/06/2016;10;ter plaatse;onbekend;onbekend;82883;Kris Pacquée;197221,808;189888,2226;FS4353;d6-31-22;d6-31;Molenstede - Dassenaarde;Diest;Molenstede;Vlaams-Brabant;WinObs;Goedgekeurd op basis van expertoordeel;1/01/2007;3;C;25;Planten;Juncaceae;15/11/2016;;M;
120349938;Koprus;Juncus capitatus;2581;24/06/2016;25/06/2016;50;ter plaatse;onbekend;onbekend;82883;Kris Pacquée;197170,0028;189839,3097;FS4353;d6-31-22;d6-31;Molenstede - Dassenaarde;Diest;Molenstede;Vlaams-Brabant;WinObs;Goedgekeurd op basis van bewijsmateriaal;1/01/2007;3;D;25;Planten;Juncaceae;15/11/2016;;M;
122612637;Krabbenscheer;Stratiotes aloides;2764;16/08/2016;18/08/2016;1;ter plaatse;onbekend;onbekend;51809;Tim Vochten;149887,6009;220257,2998;ES9583;b4-55-24;b4-55;Rangeerstation Antwerpen-Noord - Buitenweilanden;Antwerpen;Antwerpen;Antwerpen;losse waarneming;Goedgekeurd op basis van kennisregels;1/01/1980;3;A;10;Planten;Hydrocharitaceae;15/11/2016;;M;
122612387;Krabbenscheer;Stratiotes aloides;2764;16/08/2016;18/08/2016;7;ter plaatse;onbekend;onbekend;51809;Tim Vochten;149899,7629;220267,3768;ES9583;b4-55-24;b4-55;Rangeerstation Antwerpen-Noord - Buitenweilanden;Antwerpen;Antwerpen;Antwerpen;losse waarneming;Goedgekeurd op basis van kennisregels;1/01/1980;3;C;10;Planten;Hydrocharitaceae;15/11/2016;;M;
122612377;Krabbenscheer;Stratiotes aloides;2764;16/08/2016;18/08/2016;10;ter plaatse;onbekend;onbekend;51809;Tim Vochten;149891,9047;220291,4501;ES9583;b4-55-24;b4-55;Rangeerstation Antwerpen-Noord - Buitenweilanden;Antwerpen;Antwerpen;Antwerpen;losse waarneming;Goedgekeurd op basis van kennisregels;1/01/1980;3;C;10;Planten;Hydrocharitaceae;15/11/2016;;M;
122612378;Krabbenscheer;Stratiotes aloides;2764;16/08/2016;18/08/2016;23;ter plaatse;onbekend;onbekend;51809;Tim Vochten;149894,3371;220288,091;ES9583;b4-55-24;b4-55;Rangeerstation Antwerpen-Noord - Buitenweilanden;Antwerpen;Antwerpen;Antwerpen;losse waarneming;Goedgekeurd op basis van kennisregels;1/01/1980;3;C;10;Planten;Hydrocharitaceae;15/11/2016;;M;
122612382;Krabbenscheer;Stratiotes aloides;2764;16/08/2016;18/08/2016;23;ter plaatse;onbekend;onbekend;51809;Tim Vochten;149894,5241;220280,9997;ES9583;b4-55-24;b4-55;Rangeerstation Antwerpen-Noord - Buitenweilanden;Antwerpen;Antwerpen;Antwerpen;losse waarneming;Goedgekeurd op basis van kennisregels;1/01/1980;3;C;10;Planten;Hydrocharitaceae;15/11/2016;;M;
122612640;Krabbenscheer;Stratiotes aloides;2764;16/08/2016;18/08/2016;7;ter plaatse;onbekend;onbekend;51809;Tim Vochten;149885,5429;220272,4156;ES9583;b4-55-24;b4-55;Rangeerstation Antwerpen-Noord - Buitenweilanden;Antwerpen;Antwerpen;Antwerpen;losse waarneming;Goedgekeurd op basis van kennisregels;1/01/1980;3;C;10;Planten;Hydrocharitaceae;15/11/2016;;M;
122612639;Krabbenscheer;Stratiotes aloides;2764;16/08/2016;18/08/2016;18;ter plaatse;onbekend;onbekend;51809;Tim Vochten;149883,6718;220267,0038;ES9583;b4-55-24;b4-55;Rangeerstation Antwerpen-Noord - Buitenweilanden;Antwerpen;Antwerpen;Antwerpen;losse waarneming;Goedgekeurd op basis van kennisregels;1/01/1980;3;C;10;Planten;Hydrocharitaceae;15/11/2016;;M;
122612636;Krabbenscheer;Stratiotes aloides;2764;16/08/2016;18/08/2016;10;ter plaatse;onbekend;onbekend;51809;Tim Vochten;149881,239;220236,0257;ES9583;b4-55-24;b4-55;Rangeerstation Antwerpen-Noord - Buitenweilanden;Antwerpen;Antwerpen;Antwerpen;losse waarneming;Goedgekeurd op basis van kennisregels;1/01/1980;3;C;10;Planten;Hydrocharitaceae;15/11/2016;;M;
122612534;Krabbenscheer;Stratiotes aloides;2764;16/08/2016;18/08/2016;14;ter plaatse;onbekend;onbekend;51809;Tim Vochten;149882,1748;220254,5006;ES9583;b4-55-24;b4-55;Rangeerstation Antwerpen-Noord - Buitenweilanden;Antwerpen;Antwerpen;Antwerpen;losse waarneming;Goedgekeurd op basis van kennisregels;1/01/1980;3;C;10;Planten;Hydrocharitaceae;15/11/2016;;M;
122612384;Krabbenscheer;Stratiotes aloides;2764;16/08/2016;18/08/2016;12;ter plaatse;onbekend;onbekend;51809;Tim Vochten;149899,0145;220272,0422;ES9583;b4-55-24;b4-55;Rangeerstation Antwerpen-Noord - Buitenweilanden;Antwerpen;Antwerpen;Antwerpen;losse waarneming;Goedgekeurd op basis van kennisregels;1/01/1980;3;C;10;Planten;Hydrocharitaceae;15/11/2016;;M;
122612498;Krabbenscheer;Stratiotes aloides;2764;16/08/2016;18/08/2016;40;ter plaatse;onbekend;onbekend;51809;Tim Vochten;149898,453;220250,0217;ES9583;b4-55-24;b4-55;Rangeerstation Antwerpen-Noord - Buitenweilanden;Antwerpen;Antwerpen;Antwerpen;losse waarneming;Goedgekeurd op basis van kennisregels;1/01/1980;3;D;10;Planten;Hydrocharitaceae;15/11/2016;;M;
122612383;Krabbenscheer;Stratiotes aloides;2764;16/08/2016;18/08/2016;29;ter plaatse;onbekend;onbekend;51809;Tim Vochten;149896,3951;220277,2674;ES9583;b4-55-24;b4-55;Rangeerstation Antwerpen-Noord - Buitenweilanden;Antwerpen;Antwerpen;Antwerpen;losse waarneming;Goedgekeurd op basis van kennisregels;1/01/1980;3;D;10;Planten;Hydrocharitaceae;15/11/2016;;M;
122612275;Krabbenscheer;Stratiotes aloides;2764;16/08/2016;18/08/2016;162;ter plaatse;onbekend;onbekend;51809;Tim Vochten;149887,0398;220277,8273;ES9583;b4-55-24;b4-55;Rangeerstation Antwerpen-Noord - Buitenweilanden;Antwerpen;Antwerpen;Antwerpen;losse waarneming;Goedgekeurd op basis van bewijsmateriaal;1/01/1980;3;E;10;Planten;Hydrocharitaceae;15/11/2016;;M;
122612532;Krabbenscheer;Stratiotes aloides;2764;16/08/2016;18/08/2016;90;ter plaatse;onbekend;onbekend;51809;Tim Vochten;149891,1558;220244,9831;ES9583;b4-55-24;b4-55;Rangeerstation Antwerpen-Noord - Buitenweilanden;Antwerpen;Antwerpen;Antwerpen;losse waarneming;Goedgekeurd op basis van kennisregels;1/01/1980;3;E;10;Planten;Hydrocharitaceae;15/11/2016;;M;
122612462;Krabbenscheer;Stratiotes aloides;2764;16/08/2016;18/08/2016;28;ter plaatse;onbekend;onbekend;51809;Tim Vochten;149899,3886;220259,539;ES9583;b4-55-24;b4-55;Rangeerstation Antwerpen-Noord - Buitenweilanden;Antwerpen;Antwerpen;Antwerpen;losse waarneming;Goedgekeurd op basis van kennisregels;1/01/1980;3;E;10;Planten;Hydrocharitaceae;15/11/2016;;M;
122613391;Krabbenscheer;Stratiotes aloides;2764;18/08/2016;18/08/2016;1;ter plaatse;onbekend;onbekend;51809;Tim Vochten;150817,1985;219944,2225;ES9683;b4-56-31;b4-56;Rangeerstation Antwerpen-Noord - Stadsgracht;Antwerpen;Antwerpen;Antwerpen;losse waarneming;Goedgekeurd op basis van kennisregels;1/01/1980;3;A;10;Planten;Hydrocharitaceae;15/11/2016;;M;
122613999;Krabbenscheer;Stratiotes aloides;2764;18/08/2016;18/08/2016;1;ter plaatse;onbekend;onbekend;51809;Tim Vochten;150545,8686;220022,7533;ES9683;b4-56-31;b4-56;Rangeerstation Antwerpen-Noord - Stadsgracht;Antwerpen;Antwerpen;Antwerpen;losse waarneming;Goedgekeurd op basis van kennisregels;1/01/1980;3;A;10;Planten;Hydrocharitaceae;15/11/2016;;M;
122613416;Krabbenscheer;Stratiotes aloides;2764;18/08/2016;18/08/2016;1;ter plaatse;onbekend;onbekend;51809;Tim Vochten;150837,5951;219940,1202;ES9683;b4-56-31;b4-56;Rangeerstation Antwerpen-Noord - Stadsgracht;Antwerpen;Antwerpen;Antwerpen;losse waarneming;Goedgekeurd op basis van kennisregels;1/01/1980;3;A;10;Planten;Hydrocharitaceae;15/11/2016;;M;
122613394;Krabbenscheer;Stratiotes aloides;2764;18/08/2016;18/08/2016;1;ter plaatse;onbekend;onbekend;51809;Tim Vochten;150828,7994;219946,6506;ES9683;b4-56-31;b4-56;Rangeerstation Antwerpen-Noord - Stadsgracht;Antwerpen;Antwerpen;Antwerpen;losse waarneming;Goedgekeurd op basis van kennisregels;1/01/1980;3;A;10;Planten;Hydrocharitaceae;15/11/2016;;M;
122613914;Krabbenscheer;Stratiotes aloides;2764;18/08/2016;18/08/2016;4;ter plaatse;onbekend;onbekend;51809;Tim Vochten;150610,4252;220007,8312;ES9683;b4-56-31;b4-56;Rangeerstation Antwerpen-Noord - Stadsgracht;Antwerpen;Antwerpen;Antwerpen;losse waarneming;Goedgekeurd op basis van kennisregels;1/01/1980;3;B;10;Planten;Hydrocharitaceae;15/11/2016;;M;
122613885;Krabbenscheer;Stratiotes aloides;2764;18/08/2016;18/08/2016;5;ter plaatse;onbekend;onbekend;51809;Tim Vochten;150649,9088;219991,4135;ES9683;b4-56-31;b4-56;Rangeerstation Antwerpen-Noord - Stadsgracht;Antwerpen;Antwerpen;Antwerpen;losse waarneming;Goedgekeurd op basis van kennisregels;1/01/1980;3;B;10;Planten;Hydrocharitaceae;15/11/2016;;M;
122613864;Krabbenscheer;Stratiotes aloides;2764;18/08/2016;18/08/2016;2;ter plaatse;onbekend;onbekend;51809;Tim Vochten;150661,5105;219988,0558;ES9683;b4-56-31;b4-56;Rangeerstation Antwerpen-Noord - Stadsgracht;Antwerpen;Antwerpen;Antwerpen;losse waarneming;Goedgekeurd op basis van kennisregels;1/01/1980;3;B;10;Planten;Hydrocharitaceae;15/11/2016;;M;
122613420;Krabbenscheer;Stratiotes aloides;2764;18/08/2016;18/08/2016;3;ter plaatse;onbekend;onbekend;51809;Tim Vochten;150892,113;219927,6229;ES9683;b4-56-31;b4-56;Rangeerstation Antwerpen-Noord - Stadsgracht;Antwerpen;Antwerpen;Antwerpen;losse waarneming;Goedgekeurd op basis van kennisregels;1/01/1980;3;B;10;Planten;Hydrocharitaceae;15/11/2016;;M;
122614003;Krabbenscheer;Stratiotes aloides;2764;18/08/2016;18/08/2016;4;ter plaatse;onbekend;onbekend;51809;Tim Vochten;150525,6603;220022,0045;ES9683;b4-56-31;b4-56;Rangeerstation Antwerpen-Noord - Stadsgracht;Antwerpen;Antwerpen;Antwerpen;losse waarneming;Goedgekeurd op basis van kennisregels;1/01/1980;3;B;10;Planten;Hydrocharitaceae;15/11/2016;;M;
122613976;Krabbenscheer;Stratiotes aloides;2764;18/08/2016;18/08/2016;3;ter plaatse;onbekend;onbekend;51809;Tim Vochten;150556,5346;220018,8354;ES9683;b4-56-31;b4-56;Rangeerstation Antwerpen-Noord - Stadsgracht;Antwerpen;Antwerpen;Antwerpen;losse waarneming;Goedgekeurd op basis van kennisregels;1/01/1980;3;B;10;Planten;Hydrocharitaceae;15/11/2016;;M;
122613913;Krabbenscheer;Stratiotes aloides;2764;18/08/2016;18/08/2016;18;ter plaatse;onbekend;onbekend;51809;Tim Vochten;150619,782;219999,8076;ES9683;b4-56-31;b4-56;Rangeerstation Antwerpen-Noord - Stadsgracht;Antwerpen;Antwerpen;Antwerpen;losse waarneming;Goedgekeurd op basis van kennisregels;1/01/1980;3;C;10;Planten;Hydrocharitaceae;15/11/2016;;M;
122613887;Krabbenscheer;Stratiotes aloides;2764;18/08/2016;18/08/2016;9;ter plaatse;onbekend;onbekend;51809;Tim Vochten;150635,5004;219995,144;ES9683;b4-56-31;b4-56;Rangeerstation Antwerpen-Noord - Stadsgracht;Antwerpen;Antwerpen;Antwerpen;losse waarneming;Goedgekeurd op basis van kennisregels;1/01/1980;3;C;10;Planten;Hydrocharitaceae;15/11/2016;;M;
122613861;Krabbenscheer;Stratiotes aloides;2764;18/08/2016;18/08/2016;12;ter plaatse;onbekend;onbekend;51809;Tim Vochten;150710,9103;219980,2246;ES9683;b4-56-31;b4-56;Rangeerstation Antwerpen-Noord - Stadsgracht;Antwerpen;Antwerpen;Antwerpen;losse waarneming;Goedgekeurd op basis van kennisregels;1/01/1980;3;C;10;Planten;Hydrocharitaceae;15/11/2016;;M;
122613857;Krabbenscheer;Stratiotes aloides;2764;18/08/2016;18/08/2016;6;ter plaatse;onbekend;onbekend;51809;Tim Vochten;150703,6125;219982,2764;ES9683;b4-56-31;b4-56;Rangeerstation Antwerpen-Noord - Stadsgracht;Antwerpen;Antwerpen;Antwerpen;losse waarneming;Goedgekeurd op basis van kennisregels;1/01/1980;3;C;10;Planten;Hydrocharitaceae;15/11/2016;;M;
122613554;Krabbenscheer;Stratiotes aloides;2764;18/08/2016;18/08/2016;8;ter plaatse;onbekend;onbekend;51809;Tim Vochten;150680,5964;219987,4986;ES9683;b4-56-31;b4-56;Rangeerstation Antwerpen-Noord - Stadsgracht;Antwerpen;Antwerpen;Antwerpen;losse waarneming;Goedgekeurd op basis van kennisregels;1/01/1980;3;C;10;Planten;Hydrocharitaceae;15/11/2016;;M;
122613529;Krabbenscheer;Stratiotes aloides;2764;18/08/2016;18/08/2016;15;ter plaatse;onbekend;onbekend;51809;Tim Vochten;150685,8364;219982,2738;ES9683;b4-56-31;b4-56;Rangeerstation Antwerpen-Noord - Stadsgracht;Antwerpen;Antwerpen;Antwerpen;losse waarneming;Goedgekeurd op basis van kennisregels;1/01/1980;3;C;10;Planten;Hydrocharitaceae;15/11/2016;;M;
122614005;Krabbenscheer;Stratiotes aloides;2764;18/08/2016;18/08/2016;16;ter plaatse;onbekend;onbekend;51809;Tim Vochten;150513,4971;220028,7216;ES9683;b4-56-31;b4-56;Rangeerstation Antwerpen-Noord - Stadsgracht;Antwerpen;Antwerpen;Antwerpen;losse waarneming;Goedgekeurd op basis van kennisregels;1/01/1980;3;C;10;Planten;Hydrocharitaceae;15/11/2016;;M;
122613973;Krabbenscheer;Stratiotes aloides;2764;18/08/2016;18/08/2016;18;ter plaatse;onbekend;onbekend;51809;Tim Vochten;150564,7683;220013,7976;ES9683;b4-56-31;b4-56;Rangeerstation Antwerpen-Noord - Stadsgracht;Antwerpen;Antwerpen;Antwerpen;losse waarneming;Goedgekeurd op basis van kennisregels;1/01/1980;3;C;10;Planten;Hydrocharitaceae;15/11/2016;;M;
122613962;Krabbenscheer;Stratiotes aloides;2764;18/08/2016;18/08/2016;10;ter plaatse;onbekend;onbekend;51809;Tim Vochten;150586,8485;220008,948;ES9683;b4-56-31;b4-56;Rangeerstation Antwerpen-Noord - Stadsgracht;Antwerpen;Antwerpen;Antwerpen;losse waarneming;Goedgekeurd op basis van kennisregels;1/01/1980;3;C;10;Planten;Hydrocharitaceae;15/11/2016;;M;
122613938;Krabbenscheer;Stratiotes aloides;2764;18/08/2016;18/08/2016;13;ter plaatse;onbekend;onbekend;51809;Tim Vochten;150601,6312;220004,6575;ES9683;b4-56-31;b4-56;Rangeerstation Antwerpen-Noord - Stadsgracht;Antwerpen;Antwerpen;Antwerpen;losse waarneming;Goedgekeurd op basis van kennisregels;1/01/1980;3;C;10;Planten;Hydrocharitaceae;15/11/2016;;M;
122613503;Krabbenscheer;Stratiotes aloides;2764;18/08/2016;18/08/2016;33;ter plaatse;onbekend;onbekend;51809;Tim Vochten;150710,1627;219974,4391;ES9683;b4-56-31;b4-56;Rangeerstation Antwerpen-Noord - Stadsgracht;Antwerpen;Antwerpen;Antwerpen;losse waarneming;Goedgekeurd op basis van kennisregels;1/01/1980;3;D;10;Planten;Hydrocharitaceae;15/11/2016;;M;
122613527;Krabbenscheer;Stratiotes aloides;2764;18/08/2016;18/08/2016;47;ter plaatse;onbekend;onbekend;51809;Tim Vochten;150695,754;219979,1026;ES9683;b4-56-31;b4-56;Rangeerstation Antwerpen-Noord - Stadsgracht;Antwerpen;Antwerpen;Antwerpen;losse waarneming;Goedgekeurd op basis van kennisregels;1/01/1980;3;D;10;Planten;Hydrocharitaceae;15/11/2016;;M;
122613969;Krabbenscheer;Stratiotes aloides;2764;18/08/2016;18/08/2016;34;ter plaatse;onbekend;onbekend;51809;Tim Vochten;150574,1238;220016,0382;ES9683;b4-56-31;b4-56;Rangeerstation Antwerpen-Noord - Stadsgracht;Antwerpen;Antwerpen;Antwerpen;losse waarneming;Goedgekeurd op basis van kennisregels;1/01/1980;3;D;10;Planten;Hydrocharitaceae;15/11/2016;;M;
122613499;Krabbenscheer;Stratiotes aloides;2764;18/08/2016;18/08/2016;159;ter plaatse;onbekend;onbekend;51809;Tim Vochten;150736,7342;219968,4711;ES9683;b4-56-31;b4-56;Rangeerstation Antwerpen-Noord - Stadsgracht;Antwerpen;Antwerpen;Antwerpen;losse waarneming;Goedgekeurd op basis van kennisregels;1/01/1980;3;E;10;Planten;Hydrocharitaceae;15/11/2016;;M;
122773803;Krabbenscheer;Stratiotes aloides;2764;23/08/2016;23/08/2016;10;ter plaatse;onbekend;onbekend;59530;NSG Beneden-Dijle;151876,1165;194206,497;ES9757;d4-16-34;d4-16;Willebroek - Blaasveldbroek;Willebroek;Blaasveld;Antwerpen;ObsMapp;Goedgekeurd op basis van bewijsmateriaal;1/01/2007;3;C;25;Planten;Hydrocharitaceae;15/11/2016;;M;
123357165;Krabbenscheer;Stratiotes aloides;2764;5/09/2016;7/09/2016;0;ter plaatse;onbekend;onbekend;59530;NSG Beneden-Dijle;151518,8821;194099,0259;ES9757;d4-26-12;d4-26;Willebroek - Blaasveldbroek;Willebroek;Blaasveld;Antwerpen;losse waarneming;Goedgekeurd op basis van kennisregels;1/01/1980;3;0;10;Planten;Hydrocharitaceae;15/11/2016;;M;
121866898;Moerassmele;Deschampsia setacea;2472;23/07/2016;28/07/2016;42;ter plaatse;onbekend;onbekend;45635;Marc Smets;189325,823;228308,3566;FS3492;b5-37-24;b5-37;Turnhouts Vennengebied - Haverven;Turnhout;Turnhout;Antwerpen;losse waarneming;Goedgekeurd op basis van kennisregels;1/01/1980;3;D;10;Planten;Poaceae;15/11/2016;;M;
121866886;Moerassmele;Deschampsia setacea;2472;23/07/2016;28/07/2016;17;ter plaatse;onbekend;onbekend;45635;Marc Smets;189327,4877;228286,0088;FS3492;b5-37-24;b5-37;Turnhouts Vennengebied - Haverven;Turnhout;Turnhout;Antwerpen;losse waarneming;Goedgekeurd op basis van kennisregels;1/01/1980;3;C;10;Planten;Poaceae;15/11/2016;;M;
121866860;Moerassmele;Deschampsia setacea;2472;23/07/2016;28/07/2016;430;ter plaatse;onbekend;onbekend;45635;Marc Smets;189333,7837;228244,3169;FS3492;b5-37-24;b5-37;Turnhouts Vennengebied - Haverven;Turnhout;Turnhout;Antwerpen;losse waarneming;Goedgekeurd op basis van kennisregels;1/01/1980;3;E;100;Planten;Poaceae;15/11/2016;;M;
121243190;Plat fonteinkruid;Potamogeton compressus;2690;10/07/2016;11/07/2016;1;ter plaatse;onbekend;onbekend;40533;Joost Reyniers;144231,7626;200716,8323;ES9063;c4-54-23;c4-54;Hingene - Nattenhaasdonk;Bornem;Hingene;Antwerpen;losse waarneming;Onbehandeld;1/01/1980;3;E;10;Planten;Potamogetonaceae;15/11/2016;;M;
125881598;Polei;Mentha pulegium;2624;17/08/2016;26/10/2016;2;ter plaatse;onbekend;onbekend;131181;Bert Berten;250111,5715;197050,8034;FS9662;d7-17-13;d7-17;Maaseik - Heppeneert Uiterwaarden;Maaseik;Maaseik;Limburg;losse waarneming;Goedgekeurd op basis van expertoordeel;1/01/1980;3;B;10;Planten;Lamiaceae;15/11/2016;;M;
125894811;Polei;Mentha pulegium;2624;18/09/2016;27/10/2016;10;ter plaatse;onbekend;onbekend;131181;Bert Berten;244900,5058;179932,0412;FS9144;d7-55-41;d7-55;  ;Maasmechelen;Uikhoven;Limburg;losse waarneming;Goedgekeurd op basis van kennisregels;1/01/1980;3;C;10;Planten;Lamiaceae;15/11/2016;;M;
123880650;Polei;Mentha pulegium;2624;20/09/2016;21/09/2016;500;ter plaatse;onbekend;onbekend;54501;Remar Erens;244363,8224;179136,5772;FS9044;d7-55-43;d7-55;Herbricht;Lanaken;Neerharen;Limburg;ObsMapp;Goedgekeurd op basis van bewijsmateriaal;1/01/2007;3;E;25;Planten;Lamiaceae;15/11/2016;;M;
117852395;Purperorchis;Orchis purpurea;2654;1/05/2016;2/05/2016;1;ter plaatse;onbekend;onbekend;112636;Haspengouwse Plantenwerkgroep;213400,0148;161470,852;FS5925;e6-55-22;e6-55;Gelinden;Sint-Truiden;Gelinden;Limburg;ObsMapp;Goedgekeurd op basis van kennisregels;1/01/2007;3;A;25;Planten;Orchidaceae;15/11/2016;;M;
117852394;Purperorchis;Orchis purpurea;2654;1/05/2016;2/05/2016;1;ter plaatse;onbekend;onbekend;112636;Haspengouwse Plantenwerkgroep;213403,2603;161460,0344;FS6025;e6-55-22;e6-55;Gelinden;Sint-Truiden;Gelinden;Limburg;ObsMapp;Goedgekeurd op basis van kennisregels;1/01/2007;3;A;25;Planten;Orchidaceae;15/11/2016;;M;
117852391;Purperorchis;Orchis purpurea;2654;1/05/2016;2/05/2016;1;ter plaatse;onbekend;onbekend;112636;Haspengouwse Plantenwerkgroep;213409,9464;161459,3274;FS6025;e6-55-22;e6-55;Gelinden;Sint-Truiden;Gelinden;Limburg;ObsMapp;Goedgekeurd op basis van kennisregels;1/01/2007;3;A;25;Planten;Orchidaceae;15/11/2016;;M;
117852393;Purperorchis;Orchis purpurea;2654;1/05/2016;2/05/2016;1;ter plaatse;onbekend;onbekend;112636;Haspengouwse Plantenwerkgroep;213397,1242;161458,5626;FS5925;e6-55-22;e6-55;Gelinden;Sint-Truiden;Gelinden;Limburg;ObsMapp;Goedgekeurd op basis van kennisregels;1/01/2007;3;A;25;Planten;Orchidaceae;15/11/2016;;M;
119947718;Purperorchis;Orchis purpurea;2654;13/06/2016;13/06/2016;1;ter plaatse;onbekend;onbekend;112636;Haspengouwse Plantenwerkgroep;213410,9313;161473,198;FS6025;e6-55-22;e6-55;Gelinden;Sint-Truiden;Gelinden;Limburg;ObsMapp;Goedgekeurd op basis van bewijsmateriaal;1/01/2007;3;A;25;Planten;Orchidaceae;15/11/2016;;M;
119947716;Purperorchis;Orchis purpurea;2654;13/06/2016;13/06/2016;2;ter plaatse;onbekend;onbekend;112636;Haspengouwse Plantenwerkgroep;213404,5218;161462,7626;FS6025;e6-55-22;e6-55;Gelinden;Sint-Truiden;Gelinden;Limburg;ObsMapp;Onbehandeld;1/01/2007;3;B;25;Planten;Orchidaceae;15/11/2016;;M;
119947715;Purperorchis;Orchis purpurea;2654;13/06/2016;13/06/2016;2;ter plaatse;onbekend;onbekend;112636;Haspengouwse Plantenwerkgroep;213405,4508;161456,3851;FS6025;e6-55-22;e6-55;Gelinden;Sint-Truiden;Gelinden;Limburg;ObsMapp;Goedgekeurd op basis van kennisregels;1/01/2007;3;B;25;Planten;Orchidaceae;15/11/2016;;M;
125880290;Purperorchis;Orchis purpurea;2654;14/06/2016;26/10/2016;4;ter plaatse;onbekend;onbekend;131181;Bert Berten;233058,2213;167017,3306;FS7931;e7-32-44;e7-32;Herderen - Bos van Genoelselderen (Grootbos);Riemst;Genoelselderen;Limburg;losse waarneming;Goedgekeurd op basis van kennisregels;1/01/1980;3;B;10;Planten;Orchidaceae;15/11/2016;;M;
119338677;Purperorchis;Orchis purpurea;2654;24/05/2016;29/05/2016;22;ter plaatse;bloeiend;onbekend;113294;Jacques Kleynen;253920,1177;160465,3459;GS0025;e7-57-24;e7-57;  ;Voeren;Sint-Martens-Voeren;Limburg;ObsMapp;Goedgekeurd op basis van kennisregels;24/05/2017;3;C;25;Planten;Orchidaceae;15/11/2016;;M;
118855116;Purperorchis;Orchis purpurea;2654;16/05/2016;18/05/2016;100;ter plaatse;onbekend;onbekend;40287;Kristijn Swinnen;253945,8499;160395,4639;GS0025;e7-57-24;e7-57;  ;Voeren;Sint-Martens-Voeren;Limburg;ObsMapp;Goedgekeurd op basis van bewijsmateriaal;18/06/2018;3;E;25;Planten;Orchidaceae;15/11/2016;;M;
120045808;Purperorchis;Orchis purpurea;2654;31/05/2016;16/06/2016;1;ter plaatse;bloeiend;onbekend;113294;Jacques Kleynen;257078,6979;161107,532;GS0326;e7-58-24;e7-58;  ;Voeren;Teuven;Limburg;ObsMapp;Onbehandeld;31/05/2017;3;B;25;Planten;Orchidaceae;15/11/2016;;M;
119338650;Purperorchis;Orchis purpurea;2654;25/05/2016;29/05/2016;1;ter plaatse;bloeiend;onbekend;113294;Jacques Kleynen;254771,1703;159202,9994;GS0124;e7-58-31;e7-58;  ;Voeren;Sint-Martens-Voeren;Limburg;ObsMapp;Goedgekeurd op basis van kennisregels;25/05/2017;3;A;25;Planten;Orchidaceae;15/11/2016;;M;
119338652;Purperorchis;Orchis purpurea;2654;25/05/2016;29/05/2016;10;ter plaatse;bloeiend;onbekend;113294;Jacques Kleynen;254902,8862;159383,6512;GS0124;e7-58-31;e7-58;  ;Voeren;Sint-Martens-Voeren;Limburg;ObsMapp;Goedgekeurd op basis van kennisregels;25/05/2017;3;C;25;Planten;Orchidaceae;15/11/2016;;M;
119922757;Purperorchis;Orchis purpurea;2654;11/06/2016;12/06/2016;101;ter plaatse;onbekend;onbekend;47874;Rijmenans G;254450,8536;159800,4529;GS0124;e7-58-31;e7-58;  ;Voeren;Sint-Martens-Voeren;Limburg;ObsMapp;Goedgekeurd op basis van kennisregels;1/01/2007;3;E;25;Planten;Orchidaceae;15/11/2016;;M;
119338657;Purperorchis;Orchis purpurea;2654;24/05/2016;29/05/2016;562;ter plaatse;bloeiend;onbekend;113294;Jacques Kleynen;254406,0923;159806,7112;GS0124;e7-58-31;e7-58;  ;Voeren;Sint-Martens-Voeren;Limburg;ObsMapp;Goedgekeurd op basis van kennisregels;24/05/2017;3;F;25;Planten;Orchidaceae;15/11/2016;;M;
119338641;Purperorchis;Orchis purpurea;2654;25/05/2016;29/05/2016;7;ter plaatse;bloeiend;onbekend;113294;Jacques Kleynen;255200,484;158798,0878;GS0123;e7-58-34;e7-58;  ;Voeren;Sint-Martens-Voeren;Limburg;ObsMapp;Goedgekeurd op basis van kennisregels;25/05/2017;3;C;25;Planten;Orchidaceae;15/11/2016;;M;
119338639;Purperorchis;Orchis purpurea;2654;25/05/2016;29/05/2016;2;ter plaatse;vegetatief;onbekend;113294;Jacques Kleynen;253455,6581;158163,84;GS0023;f7-17-22;f7-17;  ;Voeren;Sint-Pieters-Voeren;Limburg;ObsMapp;Onbehandeld;25/05/2017;3;B;25;Planten;Orchidaceae;15/11/2016;;M;
119338623;Purperorchis;Orchis purpurea;2654;25/05/2016;29/05/2016;12;ter plaatse;bloeiend;onbekend;113294;Jacques Kleynen;253400,6852;158080,6087;GS0023;f7-17-22;f7-17;  ;Voeren;Sint-Pieters-Voeren;Limburg;ObsMapp;Onbehandeld;25/05/2017;3;C;25;Planten;Orchidaceae;15/11/2016;;M;
119338620;Purperorchis;Orchis purpurea;2654;25/05/2016;29/05/2016;2;ter plaatse;bloeiend;onbekend;113294;Jacques Kleynen;253410,7202;157941,9186;GS0023;f7-17-22;f7-17;  ;Voeren;Sint-Pieters-Voeren;Limburg;ObsMapp;Onbehandeld;25/05/2017;3;B;25;Planten;Orchidaceae;15/11/2016;;M;
119338637;Purperorchis;Orchis purpurea;2654;25/05/2016;29/05/2016;6;ter plaatse;bloeiend;onbekend;113294;Jacques Kleynen;253406,804;158122,4515;GS0023;f7-17-22;f7-17;  ;Voeren;Sint-Pieters-Voeren;Limburg;ObsMapp;Onbehandeld;25/05/2017;3;C;25;Planten;Orchidaceae;15/11/2016;;M;
119338617;Purperorchis;Orchis purpurea;2654;25/05/2016;29/05/2016;20;ter plaatse;bloeiend;onbekend;113294;Jacques Kleynen;253722,7574;157674,7603;GS0022;f7-17-22;f7-17;  ;Voeren;Sint-Pieters-Voeren;Limburg;ObsMapp;Onbehandeld;25/05/2017;3;C;25;Planten;Orchidaceae;15/11/2016;;M;
119338628;Purperorchis;Orchis purpurea;2654;25/05/2016;29/05/2016;13;ter plaatse;bloeiend;onbekend;113294;Jacques Kleynen;253380,0632;158129,5265;GS0023;f7-17-22;f7-17;  ;Voeren;Sint-Pieters-Voeren;Limburg;ObsMapp;Onbehandeld;25/05/2017;3;D;25;Planten;Orchidaceae;15/11/2016;;M;
119478765;Purperorchis;Orchis purpurea;2654;2/06/2016;2/06/2016;0;ter plaatse;onbekend;onbekend;16001;Jean Claessens;254032,2359;157514,3779;GS0022;f7-18-11;f7-18;  ;Voeren;Sint-Pieters-Voeren;Limburg;ObsMapp;Onbehandeld;2/06/2017;3;0;25;Planten;Orchidaceae;15/11/2016;;M;
119143327;Ronde zegge;Carex diandra;2397;25/05/2016;25/05/2016;12;ter plaatse;bloeiend;onbekend;17403;Stijn Leestmans;187194,4249;231507,4073;FS3295;b5-27-32;b5-27;Merksplas - Merkske - Moer;Merksplas;Merksplas;Antwerpen;ObsMapp;Goedgekeurd op basis van kennisregels;1/01/2007;3;C;25;Planten;Cyperaceae;15/11/2016;;M;
119648795;Ronde zegge;Carex diandra;2397;6/06/2016;6/06/2016;7;ter plaatse;onbekend;onbekend;17403;Stijn Leestmans;187167,2876;231500,1299;FS3295;b5-27-32;b5-27;Merksplas - Merkske - Moer;Merksplas;Merksplas;Antwerpen;ObsMapp;Goedgekeurd op basis van kennisregels;1/01/2007;3;C;25;Planten;Cyperaceae;15/11/2016;;M;
119648798;Ronde zegge;Carex diandra;2397;6/06/2016;6/06/2016;11;ter plaatse;onbekend;onbekend;17403;Stijn Leestmans;187208,4358;231480,4363;FS3295;b5-27-32;b5-27;Merksplas - Merkske - Moer;Merksplas;Merksplas;Antwerpen;ObsMapp;Goedgekeurd op basis van kennisregels;1/01/2007;3;C;25;Planten;Cyperaceae;15/11/2016;;M;
119648796;Ronde zegge;Carex diandra;2397;6/06/2016;6/06/2016;7;ter plaatse;onbekend;onbekend;17403;Stijn Leestmans;187181,4489;231494,3947;FS3295;b5-27-32;b5-27;Merksplas - Merkske - Moer;Merksplas;Merksplas;Antwerpen;ObsMapp;Goedgekeurd op basis van kennisregels;1/01/2007;3;C;25;Planten;Cyperaceae;15/11/2016;;M;
119648797;Ronde zegge;Carex diandra;2397;6/06/2016;6/06/2016;16;ter plaatse;onbekend;onbekend;17403;Stijn Leestmans;187220,4482;231474,9595;FS3295;b5-27-32;b5-27;Merksplas - Merkske - Moer;Merksplas;Merksplas;Antwerpen;ObsMapp;Goedgekeurd op basis van kennisregels;1/01/2007;3;C;25;Planten;Cyperaceae;15/11/2016;;M;
119648799;Ronde zegge;Carex diandra;2397;6/06/2016;6/06/2016;8;ter plaatse;onbekend;onbekend;17403;Stijn Leestmans;187194,0901;231481,0924;FS3295;b5-27-32;b5-27;Merksplas - Merkske - Moer;Merksplas;Merksplas;Antwerpen;ObsMapp;Goedgekeurd op basis van kennisregels;1/01/2007;3;C;10;Planten;Cyperaceae;15/11/2016;;M;
126754721;Ronde zegge;Carex diandra;2397;1/07/2016;21/11/2016;0;ter plaatse;onbekend;onbekend;40004;Roosmarijn Steeman;206551,8008;204244,5391;FS5268;c6-44-13;c6-44;Balen - Scheps;Balen;Olmen;Antwerpen;losse waarneming;Onbehandeld;1/01/1980;3;0;10;Planten;Cyperaceae;16/12/2016;;M;
126754574;Ronde zegge;Carex diandra;2397;1/07/2016;21/11/2016;0;ter plaatse;onbekend;onbekend;40004;Roosmarijn Steeman;206706,0772;204693,0137;FS5268;c6-44-13;c6-44;Balen - Scheps;Balen;Balen;Antwerpen;losse waarneming;Onbehandeld;1/01/1980;3;0;10;Planten;Cyperaceae;16/12/2016;;M;
126754605;Ronde zegge;Carex diandra;2397;1/07/2016;21/11/2016;0;ter plaatse;onbekend;onbekend;40004;Roosmarijn Steeman;206593,4643;204830,556;FS5269;c6-44-13;c6-44;Balen - Scheps;Balen;Balen;Antwerpen;losse waarneming;Onbehandeld;1/01/1980;3;0;10;Planten;Cyperaceae;16/12/2016;;M;
126754636;Ronde zegge;Carex diandra;2397;1/07/2016;21/11/2016;0;ter plaatse;onbekend;onbekend;40004;Roosmarijn Steeman;206716,4937;204701,6131;FS5268;c6-44-13;c6-44;Balen - Scheps;Balen;Balen;Antwerpen;losse waarneming;Onbehandeld;1/01/1980;3;0;10;Planten;Cyperaceae;16/12/2016;;M;
126754519;Ronde zegge;Carex diandra;2397;1/07/2016;21/11/2016;0;ter plaatse;onbekend;onbekend;40004;Roosmarijn Steeman;206673,2109;204677,6783;FS5268;c6-44-13;c6-44;Balen - Scheps;Balen;Balen;Antwerpen;losse waarneming;Onbehandeld;1/01/1980;3;0;10;Planten;Cyperaceae;16/12/2016;;M;
126754548;Ronde zegge;Carex diandra;2397;1/07/2016;21/11/2016;0;ter plaatse;onbekend;onbekend;40004;Roosmarijn Steeman;206691,4124;204660,9046;FS5268;c6-44-13;c6-44;Balen - Scheps;Balen;Balen;Antwerpen;losse waarneming;Onbehandeld;1/01/1980;3;0;10;Planten;Cyperaceae;16/12/2016;;M;
118987954;Ronde zegge;Carex diandra;2397;17/05/2016;21/05/2016;1;ter plaatse;bloeiend;onbekend;82883;Kris Pacquée;193229,0836;189479,712;FS3953;d5-38-22;d5-38;Averbode - Vierkensbroek;Scherpenheuvel-Zichem;Averbode;Vlaams-Brabant;WinObs;Goedgekeurd op basis van bewijsmateriaal;1/01/2007;3;A;25;Planten;Cyperaceae;15/11/2016;;M;
123162851;Slank wollegras;Eriophorum gracile;2496;31/08/2016;31/08/2016;300;ter plaatse;bloeiend;onbekend;57779;andre vanhoof;205720,5913;211632,4849;FS5175;c6-23-42;c6-23;  ;Mol;Mol;Antwerpen;losse waarneming;Goedgekeurd op basis van kennisregels;1/01/1980;3;E;100;Planten;Cyperaceae;15/11/2016;;M;
123162804;Slank wollegras;Eriophorum gracile;2496;31/08/2016;31/08/2016;300;ter plaatse;bloeiend;onbekend;57779;andre vanhoof;206466,5978;212252,3736;FS5276;c6-24-13;c6-24;Mol - Buitengoor;Mol;Mol;Antwerpen;losse waarneming;Goedgekeurd op basis van kennisregels;1/01/1980;3;E;100;Planten;Cyperaceae;15/11/2016;;M;
123162825;Slank wollegras;Eriophorum gracile;2496;31/08/2016;31/08/2016;200;ter plaatse;bloeiend;onbekend;57779;andre vanhoof;206404,3115;211913,7265;FS5276;c6-24-31;c6-24;Mol - Buitengoor;Mol;Mol;Antwerpen;losse waarneming;Goedgekeurd op basis van kennisregels;1/01/1980;3;E;100;Planten;Cyperaceae;15/11/2016;;M;
125895018;Spits fonteinkruid;Potamogeton acutifolius;2688;19/07/2016;27/10/2016;0;ter plaatse;onbekend;onbekend;131181;Bert Berten;225129,091;175187,0093;FS7139;e6-18-42;e6-18;  ;Diepenbeek;Diepenbeek;Limburg;losse waarneming;Onbehandeld;1/01/1980;3;0;10;Planten;Potamogetonaceae;15/11/2016;;M;
120670466;Stekende bies;Schoenoplectus pungens;2738;3/07/2016;4/07/2016;1;ter plaatse;onbekend;onbekend;40533;Joost Reyniers;137769,0261;199638,4283;ES8362;c4-52-42;c4-52;Bornem - Scheldeschorren - Schelde - Weert;Bornem;Weert;Antwerpen;losse waarneming;Goedgekeurd op basis van bewijsmateriaal;1/01/1980;3;B;10;Planten;Cyperaceae;15/11/2016;;M;
121301657;Veenmosorchis;Hammarbya paludosa;2551;13/07/2016;13/07/2016;0;ter plaatse;onbekend;onbekend;57779;andre vanhoof;206632,3898;212239,7581;FS5276;c6-24-13;c6-24;Mol - Buitengoor;Mol;Mol;Antwerpen;losse waarneming;Goedgekeurd op basis van kennisregels;1/01/1980;3;0;10;Planten;Orchidaceae;15/11/2016;;M;
121301673;Veenmosorchis;Hammarbya paludosa;2551;13/07/2016;13/07/2016;1;ter plaatse;onbekend;onbekend;57779;andre vanhoof;206496,7069;212101,4471;FS5276;c6-24-31;c6-24;Mol - Buitengoor;Mol;Mol;Antwerpen;losse waarneming;Goedgekeurd op basis van kennisregels;1/01/1980;3;A;10;Planten;Orchidaceae;15/11/2016;;M;
121301699;Veenmosorchis;Hammarbya paludosa;2551;13/07/2016;13/07/2016;1;ter plaatse;onbekend;onbekend;57779;andre vanhoof;206538,6283;212038,3478;FS5276;c6-24-31;c6-24;Mol - Buitengoor;Mol;Mol;Antwerpen;losse waarneming;Goedgekeurd op basis van kennisregels;1/01/1980;3;A;10;Planten;Orchidaceae;15/11/2016;;M;
121301688;Veenmosorchis;Hammarbya paludosa;2551;13/07/2016;13/07/2016;6;ter plaatse;onbekend;onbekend;57779;andre vanhoof;206562,3631;212061,7862;FS5276;c6-24-31;c6-24;Mol - Buitengoor;Mol;Mol;Antwerpen;losse waarneming;Goedgekeurd op basis van kennisregels;1/01/1980;3;C;10;Planten;Orchidaceae;15/11/2016;;M;
120723533;Veenmosorchis;Hammarbya paludosa;2551;6/07/2016;6/07/2016;6;ter plaatse;bloeiend;onbekend;43566;Ward Tamsyn;206535,372;212104,857;FS5276;c6-24-31;c6-24;Mol - Buitengoor N;Mol;Mol;Antwerpen;ObsMapp;Goedgekeurd op basis van kennisregels;1/01/2007;3;C;25;Planten;Orchidaceae;15/11/2016;;M;
120723531;Veenmosorchis;Hammarbya paludosa;2551;6/07/2016;6/07/2016;7;ter plaatse;bloeiend;onbekend;43566;Ward Tamsyn;206527,2048;212108,8367;FS5276;c6-24-31;c6-24;Mol - Buitengoor N;Mol;Mol;Antwerpen;ObsMapp;Goedgekeurd op basis van kennisregels;1/01/2007;3;C;25;Planten;Orchidaceae;15/11/2016;;M;
122195909;Veenmosorchis;Hammarbya paludosa;2551;5/08/2016;6/08/2016;3;ter plaatse;onbekend;onbekend;67843;Christoffel Bonte;206531,6551;212051,5486;FS5276;c6-24-31;c6-24;Mol - Buitengoor N;Mol;Mol;Antwerpen;ObsMapp;Goedgekeurd op basis van kennisregels;1/01/2007;3;B;25;Planten;Orchidaceae;15/11/2016;;M;
122508562;Weegbreefonteinkruid;Potamogeton coloratus;2689;15/08/2016;15/08/2016;1;natuurlijk;vegetatief;onbekend;87596;Dirk Content;66251,26155;224625,4836;ES1186;b2-41-13;b2-41;Zeebrugge - De Fonteintjes (FTZ);Brugge;Lissewege;West-Vlaanderen;losse waarneming;Onbehandeld;1/01/1980;3;F;10;Planten;Potamogetonaceae;15/11/2016;;M;
122980466;Weegbreefonteinkruid;Potamogeton coloratus;2689;27/08/2016;28/08/2016;10;ter plaatse;onbekend;onbekend;40193;Floris Verhaeghe ;33421,55001;203363,1177;DS7964;c0-48-42;c0-48;Hannecartbos;Koksijde;Oostduinkerke;West-Vlaanderen;losse waarneming;Onbehandeld;1/01/1980;3;C;10;Planten;Potamogetonaceae;15/11/2016;;M;
121147163;Welriekende nachtorchis;Platanthera bifolia;2678;22/06/2016;9/07/2016;1223;ter plaatse;onbekend;onbekend;45635;Marc Smets;188953,0198;229186,458;FS3493;b5-37-21;b5-37;Turnhouts Vennengebied - Kasteeltjes;Merksplas;Merksplas;Antwerpen;losse waarneming;Goedgekeurd op basis van kennisregels;1/01/1980;3;F;100;Planten;Orchidaceae;15/11/2016;;M;
121147560;Welriekende nachtorchis;Platanthera bifolia;2678;16/06/2016;9/07/2016;8;ter plaatse;onbekend;onbekend;45635;Marc Smets;189424,0259;228562,0204;FS3492;b5-37-24;b5-37;Turnhouts Vennengebied - Haverven;Turnhout;Turnhout;Antwerpen;losse waarneming;Goedgekeurd op basis van kennisregels;1/01/1980;3;C;100;Planten;Orchidaceae;15/11/2016;;M;
121147571;Welriekende nachtorchis;Platanthera bifolia;2678;16/06/2016;9/07/2016;46;ter plaatse;onbekend;onbekend;45635;Marc Smets;189453,3229;228639,756;FS3492;b5-37-24;b5-37;Turnhouts Vennengebied - Haverven;Turnhout;Turnhout;Antwerpen;losse waarneming;Goedgekeurd op basis van kennisregels;1/01/1980;3;D;100;Planten;Orchidaceae;15/11/2016;;M;
121148865;Welriekende nachtorchis;Platanthera bifolia;2678;9/06/2016;9/07/2016;2;ter plaatse;onbekend;onbekend;45635;Marc Smets;188333,8765;228043,0033;FS3391;b5-37-41;b5-37;Turnhouts Vennengebied - Zandvenheide;Merksplas;Merksplas;Antwerpen;losse waarneming;Goedgekeurd op basis van kennisregels;1/01/1980;3;B;100;Planten;Orchidaceae;15/11/2016;;M;
121148177;Welriekende nachtorchis;Platanthera bifolia;2678;15/06/2016;9/07/2016;22;ter plaatse;onbekend;onbekend;45635;Marc Smets;190326,7017;229331,1398;FS3593;b5-38-11;b5-38;Turnhouts Vennengebied;Turnhout;Turnhout;Antwerpen;losse waarneming;Goedgekeurd op basis van kennisregels;1/01/1980;3;C;100;Planten;Orchidaceae;15/11/2016;;M;
120076846;Welriekende nachtorchis;Platanthera bifolia;2678;16/06/2016;17/06/2016;7;ter plaatse;onbekend;onbekend;45635;Marc Smets;191241,7641;229393,1915;FS3693;b5-38-12;b5-38;Turnhouts Vennengebied;Turnhout;Turnhout;Antwerpen;iObs;Onbehandeld;1/01/2007;3;C;50;Planten;Orchidaceae;15/11/2016;;M;
121148260;Welriekende nachtorchis;Platanthera bifolia;2678;15/06/2016;9/07/2016;48;ter plaatse;onbekend;onbekend;45635;Marc Smets;190628,5958;228945,9855;FS3592;b5-38-13;b5-38;Turnhouts Vennengebied;Turnhout;Turnhout;Antwerpen;losse waarneming;Onbehandeld;1/01/1980;3;E;100;Planten;Orchidaceae;15/11/2016;;M;
121301749;Welriekende nachtorchis;Platanthera bifolia;2678;13/07/2016;13/07/2016;6;ter plaatse;onbekend;onbekend;57779;andre vanhoof;206424,5062;211915,9714;FS5276;c6-24-31;c6-24;Mol - Buitengoor;Mol;Mol;Antwerpen;losse waarneming;Goedgekeurd op basis van kennisregels;1/01/1980;3;C;10;Planten;Orchidaceae;15/11/2016;;M;
122085662;Welriekende nachtorchis;Platanthera bifolia;2678;23/06/2016;3/08/2016;6;ter plaatse;bloeiend;onbekend;40845;Christine Verscheure;77659,07116;196902,8977;ES2358;d2-13-24;d2-13;Wingene - Gulke Putten (Erkend visiegebied);Wingene;Wingene;West-Vlaanderen;losse waarneming;Goedgekeurd op basis van kennisregels;31/07/2018;3;C;999;Planten;Orchidaceae;15/11/2016;;M;
119919611;Welriekende nachtorchis;Platanthera bifolia;2678;11/06/2016;12/06/2016;1;ter plaatse;onbekend;onbekend;112636;Haspengouwse Plantenwerkgroep;226617,7221;167493,8592;FS7332;e7-31-31;e7-31;  ;Tongeren;Neerrepen;Limburg;ObsMapp;Goedgekeurd op basis van bewijsmateriaal;1/01/2007;3;A;25;Planten;Orchidaceae;15/11/2016;;M;
119919612;Welriekende nachtorchis;Platanthera bifolia;2678;11/06/2016;12/06/2016;1;ter plaatse;onbekend;onbekend;112636;Haspengouwse Plantenwerkgroep;226616,7482;167516,3589;FS7332;e7-31-31;e7-31;  ;Tongeren;Neerrepen;Limburg;ObsMapp;Goedgekeurd op basis van bewijsmateriaal;1/01/2007;3;A;25;Planten;Orchidaceae;15/11/2016;;M;
119919613;Welriekende nachtorchis;Platanthera bifolia;2678;11/06/2016;12/06/2016;1;ter plaatse;onbekend;onbekend;112636;Haspengouwse Plantenwerkgroep;226619,2433;167514,4556;FS7332;e7-31-31;e7-31;  ;Tongeren;Neerrepen;Limburg;ObsMapp;Niet te beoordelen;1/01/2007;3;A;25;Planten;Orchidaceae;15/11/2016;;M;
119919603;Welriekende nachtorchis;Platanthera bifolia;2678;11/06/2016;12/06/2016;1;ter plaatse;onbekend;onbekend;112636;Haspengouwse Plantenwerkgroep;226594,2964;167464,3758;FS7332;e7-31-31;e7-31;  ;Tongeren;Neerrepen;Limburg;ObsMapp;Goedgekeurd op basis van kennisregels;1/01/2007;3;A;25;Planten;Orchidaceae;15/11/2016;;M;
119919602;Welriekende nachtorchis;Platanthera bifolia;2678;11/06/2016;12/06/2016;1;ter plaatse;onbekend;onbekend;112636;Haspengouwse Plantenwerkgroep;226593,7725;167491,7688;FS7332;e7-31-31;e7-31;  ;Tongeren;Neerrepen;Limburg;ObsMapp;Goedgekeurd op basis van kennisregels;1/01/2007;3;A;25;Planten;Orchidaceae;15/11/2016;;M;
119919601;Welriekende nachtorchis;Platanthera bifolia;2678;11/06/2016;12/06/2016;1;ter plaatse;onbekend;onbekend;112636;Haspengouwse Plantenwerkgroep;226590,5301;167532,6243;FS7332;e7-31-31;e7-31;  ;Tongeren;Neerrepen;Limburg;ObsMapp;Goedgekeurd op basis van kennisregels;1/01/2007;3;A;25;Planten;Orchidaceae;15/11/2016;;M;
119919607;Welriekende nachtorchis;Platanthera bifolia;2678;11/06/2016;12/06/2016;2;ter plaatse;onbekend;onbekend;112636;Haspengouwse Plantenwerkgroep;226586,0782;167487,2495;FS7332;e7-31-31;e7-31;  ;Tongeren;Neerrepen;Limburg;ObsMapp;Goedgekeurd op basis van kennisregels;1/01/2007;3;B;25;Planten;Orchidaceae;15/11/2016;;M;
119919606;Welriekende nachtorchis;Platanthera bifolia;2678;11/06/2016;12/06/2016;2;ter plaatse;onbekend;onbekend;112636;Haspengouwse Plantenwerkgroep;226597,9944;167481,9876;FS7332;e7-31-31;e7-31;  ;Tongeren;Neerrepen;Limburg;ObsMapp;Goedgekeurd op basis van kennisregels;1/01/2007;3;B;25;Planten;Orchidaceae;15/11/2016;;M;
119919610;Welriekende nachtorchis;Platanthera bifolia;2678;11/06/2016;12/06/2016;13;ter plaatse;onbekend;onbekend;112636;Haspengouwse Plantenwerkgroep;226630,9457;167488,825;FS7332;e7-31-31;e7-31;  ;Tongeren;Neerrepen;Limburg;ObsMapp;Goedgekeurd op basis van kennisregels;1/01/2007;3;C;25;Planten;Orchidaceae;15/11/2016;;M;
119919609;Welriekende nachtorchis;Platanthera bifolia;2678;11/06/2016;12/06/2016;8;ter plaatse;onbekend;onbekend;112636;Haspengouwse Plantenwerkgroep;226627,2528;167483,8709;FS7332;e7-31-31;e7-31;  ;Tongeren;Neerrepen;Limburg;ObsMapp;Goedgekeurd op basis van kennisregels;1/01/2007;3;C;25;Planten;Orchidaceae;15/11/2016;;M;
119919608;Welriekende nachtorchis;Platanthera bifolia;2678;11/06/2016;12/06/2016;9;ter plaatse;onbekend;onbekend;112636;Haspengouwse Plantenwerkgroep;226616,5819;167495,0232;FS7332;e7-31-31;e7-31;  ;Tongeren;Neerrepen;Limburg;ObsMapp;Goedgekeurd op basis van kennisregels;1/01/2007;3;C;25;Planten;Orchidaceae;15/11/2016;;M;
119919604;Welriekende nachtorchis;Platanthera bifolia;2678;11/06/2016;12/06/2016;13;ter plaatse;onbekend;onbekend;112636;Haspengouwse Plantenwerkgroep;226594,3828;167473,6353;FS7332;e7-31-31;e7-31;  ;Tongeren;Neerrepen;Limburg;ObsMapp;Goedgekeurd op basis van kennisregels;1/01/2007;3;C;25;Planten;Orchidaceae;15/11/2016;;M;
119175678;Welriekende nachtorchis;Platanthera bifolia;2678;25/05/2016;26/05/2016;0;ter plaatse;onbekend;onbekend;16001;Jean Claessens;251682,1045;158861,5703;FS9823;e7-57-34;e7-57;  ;Voeren;Sint-Martens-Voeren;Limburg;ObsMapp;Onbehandeld;25/05/2017;3;0;25;Planten;Orchidaceae;15/11/2016;;M;
119478772;Welriekende nachtorchis;Platanthera bifolia;2678;2/06/2016;2/06/2016;0;ter plaatse;onbekend;onbekend;16001;Jean Claessens;258498,6643;159464,499;GS0524;e8-51-31;e8-51;  ;Voeren;Remersdaal;Limburg;ObsMapp;Onbehandeld;2/06/2017;3;0;25;Planten;Orchidaceae;15/11/2016;;M;
124274839;Witte waterranonkel;Ranunculus ololeucos;2710;18/06/2016;5/10/2016;0;ter plaatse;onbekend;onbekend;42623;Staf Brusseleers;158841,1779;226615,0613;FS0489;b4-38-33;b4-38;Brasschaat - Klein Schietveld;Kapellen;Kapellen;Antwerpen;losse waarneming;Goedgekeurd op basis van kennisregels;1/01/1980;3;0;100;Planten;Ranunculaceae;15/11/2016;;M;
124274828;Witte waterranonkel;Ranunculus ololeucos;2710;5/07/2016;5/10/2016;0;ter plaatse;onbekend;onbekend;42623;Staf Brusseleers;158811,2112;226653,7783;FS0489;b4-38-33;b4-38;Brasschaat - Klein Schietveld;Kapellen;Kapellen;Antwerpen;losse waarneming;Goedgekeurd op basis van kennisregels;1/01/1980;3;0;100;Planten;Ranunculaceae;15/11/2016;;M;
124274795;Witte waterranonkel;Ranunculus ololeucos;2710;24/08/2016;5/10/2016;0;ter plaatse;onbekend;onbekend;42623;Staf Brusseleers;158811,2112;226653,7783;FS0489;b4-38-33;b4-38;Brasschaat - Klein Schietveld;Kapellen;Kapellen;Antwerpen;losse waarneming;Goedgekeurd op basis van kennisregels;1/01/1980;3;0;100;Planten;Ranunculaceae;15/11/2016;;M;
120095828;Witte waterranonkel;Ranunculus ololeucos;2710;18/06/2016;18/06/2016;1;ter plaatse;onbekend;onbekend;42623;Staf Brusseleers;158843,6786;225363,5744;FS0488;b4-48-11;b4-48;Kapellen/Brasschaat - Den Uitlegger;Brasschaat;Brasschaat;Antwerpen;WinObs;Goedgekeurd op basis van kennisregels;1/01/2007;3;A;25;Planten;Ranunculaceae;15/11/2016;;M;
120095835;Witte waterranonkel;Ranunculus ololeucos;2710;18/06/2016;18/06/2016;1;ter plaatse;onbekend;onbekend;42623;Staf Brusseleers;158798,3354;225382,2974;FS0488;b4-48-11;b4-48;Kapellen/Brasschaat - Den Uitlegger;Brasschaat;Brasschaat;Antwerpen;WinObs;Goedgekeurd op basis van kennisregels;1/01/2007;3;A;25;Planten;Ranunculaceae;15/11/2016;;M;
120095830;Witte waterranonkel;Ranunculus ololeucos;2710;18/06/2016;18/06/2016;4;ter plaatse;onbekend;onbekend;42623;Staf Brusseleers;158828,7676;225362,4484;FS0488;b4-48-11;b4-48;Kapellen/Brasschaat - Den Uitlegger;Brasschaat;Brasschaat;Antwerpen;WinObs;Goedgekeurd op basis van kennisregels;1/01/2007;3;B;25;Planten;Ranunculaceae;15/11/2016;;M;
120095825;Witte waterranonkel;Ranunculus ololeucos;2710;18/06/2016;18/06/2016;1;ter plaatse;onbekend;onbekend;42623;Staf Brusseleers;158795,4112;225377,5176;FS0488;b4-48-11;b4-48;Kapellen/Brasschaat - Den Uitlegger;Brasschaat;Brasschaat;Antwerpen;WinObs;Goedgekeurd op basis van kennisregels;1/01/2007;3;B;25;Planten;Ranunculaceae;15/11/2016;;M;
120435864;Witte waterranonkel;Ranunculus ololeucos;2710;8/06/2016;27/06/2016;0;ter plaatse;onbekend;onbekend;40702;Bart Hoeymans;181042,2628;233237,5889;FS2696;b5-25-22;b5-25;Wortel-Kolonie - Zone Noordwest;Hoogstraten;Wortel;Antwerpen;losse waarneming;Onbehandeld;1/01/1980;3;0;10;Planten;Ranunculaceae;15/11/2016;;M;
120435868;Witte waterranonkel;Ranunculus ololeucos;2710;8/06/2016;27/06/2016;0;ter plaatse;onbekend;onbekend;40702;Bart Hoeymans;183661,1129;233757,6006;FS2897;b5-26-12;b5-26;Zondereigen - Merkske - Heikant;Baarle-Hertog;Baarle-Hertog;Antwerpen;losse waarneming;Onbehandeld;1/01/1980;3;0;10;Planten;Ranunculaceae;15/11/2016;;M;
124319815;Witte waterranonkel;Ranunculus ololeucos;2710;25/06/2016;7/10/2016;0;ter plaatse;onbekend;onbekend;41459;Guy Laurijssens;174370,5129;225143,1875;FS1988;b5-44-13;b5-44;Rijkevorsel - De Bonte Klepper;Rijkevorsel;Rijkevorsel;Antwerpen;losse waarneming;Onbehandeld;1/01/1980;3;0;10;Planten;Ranunculaceae;16/12/2016;;M;
118622858;Witte waterranonkel;Ranunculus ololeucos;2710;13/05/2016;13/05/2016;4;ter plaatse;bloeiend;onbekend;20094;Gilbert Loos;195661,8335;228048,1493;FS4192;b6-31-32;b6-31;Ravels - Het Kijkverdriet;Ravels;Ravels;Antwerpen;ObsMapp;Goedgekeurd op basis van kennisregels;1/01/2007;3;D;25;Planten;Ranunculaceae;15/11/2016;;M;
119528511;Witte waterranonkel;Ranunculus ololeucos;2710;29/05/2016;4/06/2016;1;ter plaatse;onbekend;onbekend;40008;kris van der steen;195362,6406;225633,5998;FS4089;b6-41-12;b6-41;Landschap De Liereman - Liereman;Oud-Turnhout;Oud-Turnhout;Antwerpen;iObs;Goedgekeurd op basis van kennisregels;1/01/2007;3;A;5;Planten;Ranunculaceae;15/11/2016;;M;
119528442;Witte waterranonkel;Ranunculus ololeucos;2710;25/05/2016;4/06/2016;1;ter plaatse;onbekend;onbekend;40008;kris van der steen;195006,4724;224918,3961;FS4088;b6-41-13;b6-41;Landschap De Liereman - Hoge Mierdse Heide;Oud-Turnhout;Oud-Turnhout;Antwerpen;iObs;Goedgekeurd op basis van kennisregels;1/01/2007;3;A;5;Planten;Ranunculaceae;15/11/2016;;M;
119528498;Witte waterranonkel;Ranunculus ololeucos;2710;28/05/2016;4/06/2016;1;ter plaatse;onbekend;onbekend;40008;kris van der steen;194820,8985;224616,3715;FS4088;b6-41-13;b6-41;Landschap De Liereman - Hoge Mierdse Heide;Oud-Turnhout;Oud-Turnhout;Antwerpen;iObs;Goedgekeurd op basis van kennisregels;1/01/2007;3;C;10;Planten;Ranunculaceae;15/11/2016;;M;
119081668;Witte waterranonkel;Ranunculus ololeucos;2710;20/05/2016;23/05/2016;1;ter plaatse;onbekend;onbekend;40008;kris van der steen;195029,4941;224927,8933;FS4088;b6-41-14;b6-41;Landschap De Liereman - Hoge Mierdse Heide;Oud-Turnhout;Oud-Turnhout;Antwerpen;losse waarneming;Goedgekeurd op basis van kennisregels;1/01/1980;3;A;10;Planten;Ranunculaceae;15/11/2016;;M;
125872805;Witte waterranonkel;Ranunculus ololeucos;2710;11/06/2016;26/10/2016;0;ter plaatse;onbekend;onbekend;100343;Hannes Ledegen;201627,2476;220228,963;FS4784;b6-52-24;b6-52;  ;Retie;Retie;Antwerpen;losse waarneming;Onbehandeld;1/01/1980;3;0;10;Planten;Ranunculaceae;15/11/2016;;M;
122323474;Witte waterranonkel;Ranunculus ololeucos;2710;24/05/2016;10/08/2016;0;ter plaatse;onbekend;onbekend;54036;Pat Schuurmans;228563,9889;221017,2819;FS7485;b7-51-23;b7-51;Achel - Achelse Kluis ZO;Hamont-Achel;Achel;Limburg;losse waarneming;Onbehandeld;1/01/1980;3;0;100;Planten;Ranunculaceae;15/11/2016;;M;
124319811;Witte waterranonkel;Ranunculus ololeucos;2710;26/06/2016;7/10/2016;0;ter plaatse;onbekend;onbekend;41459;Guy Laurijssens;177270,6598;216789,3019;FS2280;c5-14-24;c5-14;Oostmalle - Blommerschot;Malle;Oostmalle;Antwerpen;losse waarneming;Goedgekeurd op basis van kennisregels;1/01/1980;3;0;10;Planten;Ranunculaceae;16/12/2016;;M;
123375478;Witte waterranonkel;Ranunculus ololeucos;2710;9/05/2016;7/09/2016;20;ter plaatse;vegetatief;onbekend;75946;Kris Rombouts;187919,8315;216952,2591;FS3380;c5-17-14;c5-17;Tielen - Kamp (Niet vrij toegankelijk !);Kasterlee;Tielen;Antwerpen;losse waarneming;Goedgekeurd op basis van kennisregels;1/01/1980;3;D;10;Planten;Ranunculaceae;15/11/2016;;M;
123375497;Witte waterranonkel;Ranunculus ololeucos;2710;9/05/2016;7/09/2016;130;ter plaatse;bloeiend;onbekend;75946;Kris Rombouts;187982,6986;217036,371;FS3380;c5-17-14;c5-17;Tielen - Kamp (Niet vrij toegankelijk !);Kasterlee;Tielen;Antwerpen;losse waarneming;Goedgekeurd op basis van kennisregels;1/01/1980;3;E;10;Planten;Ranunculaceae;15/11/2016;;M;
116377864;Witte waterranonkel;Ranunculus ololeucos;2710;11/04/2016;11/04/2016;1;natuurlijk;bloeiend;onbekend;75946;Kris Rombouts;188371,0053;217596,0216;FS3381;c5-17-21;c5-17;Tielen - Kamp (Niet vrij toegankelijk !);Kasterlee;Tielen;Antwerpen;losse waarneming;Goedgekeurd op basis van kennisregels;1/01/1980;3;A;10;Planten;Ranunculaceae;15/11/2016;;M;
116377872;Witte waterranonkel;Ranunculus ololeucos;2710;11/04/2016;11/04/2016;1;natuurlijk;bloeiend;onbekend;75946;Kris Rombouts;188189,8802;217880,2218;FS3381;c5-17-21;c5-17;Tielen - Kamp (Niet vrij toegankelijk !);Kasterlee;Tielen;Antwerpen;losse waarneming;Goedgekeurd op basis van kennisregels;1/01/1980;3;A;10;Planten;Ranunculaceae;15/11/2016;;M;
123375821;Witte waterranonkel;Ranunculus ololeucos;2710;6/05/2016;7/09/2016;3;ter plaatse;vegetatief;onbekend;75946;Kris Rombouts;188495,6976;217871,2642;FS3481;c5-17-21;c5-17;Tielen - Kamp (Niet vrij toegankelijk !);Kasterlee;Tielen;Antwerpen;losse waarneming;Goedgekeurd op basis van kennisregels;1/01/1980;3;B;10;Planten;Ranunculaceae;15/11/2016;;M;
123375211;Witte waterranonkel;Ranunculus ololeucos;2710;11/05/2016;7/09/2016;30;ter plaatse;bloeiend;onbekend;75946;Kris Rombouts;188113,2813;217437,7668;FS3381;c5-17-21;c5-17;Tielen - Kamp (Niet vrij toegankelijk !);Kasterlee;Tielen;Antwerpen;losse waarneming;Goedgekeurd op basis van kennisregels;1/01/1980;3;D;10;Planten;Ranunculaceae;15/11/2016;;M;
123375736;Witte waterranonkel;Ranunculus ololeucos;2710;6/05/2016;7/09/2016;65;ter plaatse;bloeiend;onbekend;75946;Kris Rombouts;188211,4914;217897,9003;FS3381;c5-17-21;c5-17;Tielen - Kamp (Niet vrij toegankelijk !);Kasterlee;Tielen;Antwerpen;losse waarneming;Goedgekeurd op basis van kennisregels;1/01/1980;3;E;10;Planten;Ranunculaceae;15/11/2016;;M;
123376064;Witte waterranonkel;Ranunculus ololeucos;2710;6/05/2016;7/09/2016;100;ter plaatse;bloeiend;onbekend;75946;Kris Rombouts;188370,7252;217597,4349;FS3381;c5-17-21;c5-17;Tielen - Kamp (Niet vrij toegankelijk !);Kasterlee;Tielen;Antwerpen;losse waarneming;Goedgekeurd op basis van kennisregels;1/01/1980;3;E;10;Planten;Ranunculaceae;15/11/2016;;M;
116377852;Witte waterranonkel;Ranunculus ololeucos;2710;11/04/2016;11/04/2016;1;natuurlijk;bloeiend;onbekend;75946;Kris Rombouts;189048,197;217468,8975;FS3481;c5-17-22;c5-17;Tielen - Kamp (Niet vrij toegankelijk !);Kasterlee;Tielen;Antwerpen;losse waarneming;Goedgekeurd op basis van kennisregels;1/01/1980;3;A;10;Planten;Ranunculaceae;15/11/2016;;M;
116377856;Witte waterranonkel;Ranunculus ololeucos;2710;11/04/2016;11/04/2016;1;natuurlijk;vegetatief;onbekend;75946;Kris Rombouts;189130,5778;217793,1418;FS3481;c5-17-22;c5-17;Tielen - Kamp (Niet vrij toegankelijk !);Kasterlee;Tielen;Antwerpen;losse waarneming;Goedgekeurd op basis van kennisregels;1/01/1980;3;A;10;Planten;Ranunculaceae;15/11/2016;;M;
123375522;Witte waterranonkel;Ranunculus ololeucos;2710;9/05/2016;7/09/2016;4;ter plaatse;bloeiend;onbekend;75946;Kris Rombouts;189139,8581;217788,8784;FS3481;c5-17-22;c5-17;Tielen - Kamp (Niet vrij toegankelijk !);Kasterlee;Tielen;Antwerpen;losse waarneming;Goedgekeurd op basis van kennisregels;1/01/1980;3;B;10;Planten;Ranunculaceae;15/11/2016;;M;
123375577;Witte waterranonkel;Ranunculus ololeucos;2710;9/05/2016;7/09/2016;50;ter plaatse;bloeiend;onbekend;75946;Kris Rombouts;189024,0806;217459,8237;FS3481;c5-17-22;c5-17;Tielen - Kamp (Niet vrij toegankelijk !);Kasterlee;Tielen;Antwerpen;losse waarneming;Goedgekeurd op basis van kennisregels;1/01/1980;3;E;10;Planten;Ranunculaceae;15/11/2016;;M;
120178743;Witte waterranonkel;Ranunculus ololeucos;2710;19/06/2016;20/06/2016;1;ter plaatse;onbekend;onbekend;40004;Roosmarijn Steeman;205941,5206;217764,1846;FS5181;c6-13-22;c6-13;Dessel/Mol - Groesgoor en Koemoek;Mol;Mol;Antwerpen;ObsMapp;Goedgekeurd op basis van kennisregels;1/01/2007;3;B;10;Planten;Ranunculaceae;15/11/2016;;M;
120178745;Witte waterranonkel;Ranunculus ololeucos;2710;19/06/2016;20/06/2016;1;ter plaatse;onbekend;onbekend;40004;Roosmarijn Steeman;205978,3821;217776,8125;FS5181;c6-13-22;c6-13;Dessel/Mol - Groesgoor en Koemoek;Mol;Mol;Antwerpen;ObsMapp;Goedgekeurd op basis van kennisregels;1/01/2007;3;C;10;Planten;Ranunculaceae;15/11/2016;;M;
120178741;Witte waterranonkel;Ranunculus ololeucos;2710;19/06/2016;20/06/2016;1;ter plaatse;onbekend;onbekend;40004;Roosmarijn Steeman;205907,9533;217757,4613;FS5181;c6-13-22;c6-13;Dessel/Mol - Groesgoor en Koemoek;Mol;Mol;Antwerpen;ObsMapp;Goedgekeurd op basis van kennisregels;1/01/2007;3;C;25;Planten;Ranunculaceae;15/11/2016;;M;
120178740;Witte waterranonkel;Ranunculus ololeucos;2710;19/06/2016;20/06/2016;1;ter plaatse;onbekend;onbekend;40004;Roosmarijn Steeman;205881,3424;217746,8154;FS5181;c6-13-22;c6-13;Dessel/Mol - Groesgoor en Koemoek;Mol;Mol;Antwerpen;ObsMapp;Goedgekeurd op basis van kennisregels;1/01/2007;3;C;25;Planten;Ranunculaceae;15/11/2016;;M;
120178738;Witte waterranonkel;Ranunculus ololeucos;2710;19/06/2016;20/06/2016;1;ter plaatse;onbekend;onbekend;40004;Roosmarijn Steeman;205833,7032;217737,2213;FS5181;c6-13-22;c6-13;Dessel/Mol - Groesgoor en Koemoek;Mol;Mol;Antwerpen;ObsMapp;Goedgekeurd op basis van kennisregels;1/01/2007;3;D;25;Planten;Ranunculaceae;15/11/2016;;M;
120178718;Witte waterranonkel;Ranunculus ololeucos;2710;19/06/2016;20/06/2016;1;ter plaatse;onbekend;onbekend;40004;Roosmarijn Steeman;205719,3365;217250,6421;FS5181;c6-13-22;c6-13;Dessel/Mol - Groesgoor en Koemoek;Mol;Mol;Antwerpen;ObsMapp;Goedgekeurd op basis van kennisregels;1/01/2007;3;E;25;Planten;Ranunculaceae;15/11/2016;;M;
120178727;Witte waterranonkel;Ranunculus ololeucos;2710;19/06/2016;20/06/2016;1;ter plaatse;onbekend;onbekend;40004;Roosmarijn Steeman;205587,6427;217412,3238;FS5181;c6-13-22;c6-13;Dessel/Mol - Groesgoor en Koemoek;Mol;Mol;Antwerpen;ObsMapp;Goedgekeurd op basis van kennisregels;1/01/2007;3;F;25;Planten;Ranunculaceae;15/11/2016;;M;
120178731;Witte waterranonkel;Ranunculus ololeucos;2710;19/06/2016;20/06/2016;1;ter plaatse;onbekend;onbekend;40004;Roosmarijn Steeman;205579,1369;217458,4422;FS5181;c6-13-22;c6-13;Dessel/Mol - Groesgoor en Koemoek;Mol;Mol;Antwerpen;ObsMapp;Goedgekeurd op basis van kennisregels;1/01/2007;3;F;25;Planten;Ranunculaceae;15/11/2016;;M;
120189827;Witte waterranonkel;Ranunculus ololeucos;2710;19/06/2016;20/06/2016;0;ter plaatse;onbekend;onbekend;40004;Roosmarijn Steeman;206067,3032;217785,2224;FS5181;c6-14-11;c6-14;Dessel/Mol - Groesgoor en Koemoek;Mol;Mol;Antwerpen;losse waarneming;Goedgekeurd op basis van kennisregels;1/01/1980;3;0;10;Planten;Ranunculaceae;15/11/2016;;M;
121062639;Witte waterranonkel;Ranunculus ololeucos;2710;7/07/2016;7/07/2016;0;ter plaatse;onbekend;onbekend;57779;andre vanhoof;204841,4588;211339,6311;FS5075;c6-23-41;c6-23;Mol - Sluismeer;Mol;Mol;Antwerpen;losse waarneming;Onbehandeld;1/01/1980;3;0;10;Planten;Ranunculaceae;15/11/2016;;M;
117957640;Witte waterranonkel;Ranunculus ololeucos;2710;4/05/2016;4/05/2016;1;ter plaatse;bloeiend;onbekend;82883;Kris Pacquée;191390,0603;191934,4969;FS3755;d5-28-32;d5-28;  ;Scherpenheuvel-Zichem;Averbode;Vlaams-Brabant;WinObs;Goedgekeurd op basis van bewijsmateriaal;1/01/2007;3;E;25;Planten;Ranunculaceae;15/11/2016;;M;
